ticker,direction,entry_time,exit_time,entry,exit,pnl,result,exit_reason
ASIANPAINT_NS_1h.csv,SHORT,2025-04-15 10:15:00+05:30,2025-04-15 12:15:00+05:30,2396.1695289706986,2412.9582985668785,-1118.3419874332217,LOSS,STOP LOSS
ASIANPAINT_NS_1h.csv,LONG,2025-04-24 11:15:00+05:30,2025-04-24 15:15:00+05:30,2456.9118870270086,2463.167702392578,337.8484065535945,WIN,TIME EXIT
ASIANPAINT_NS_1h.csv,LONG,2025-04-28 10:15:00+05:30,2025-04-28 11:15:00+05:30,2439.1376072763173,2422.079490496595,-1101.3574635530485,LOSS,STOP LOSS
ASIANPAINT_NS_1h.csv,SHORT,2025-05-13 10:15:00+05:30,2025-05-13 15:15:00+05:30,2341.651110730241,2325.762397705078,1024.8198205696806,WIN,TIME EXIT
ASIANPAINT_NS_1h.csv,SHORT,2025-05-15 10:15:00+05:30,2025-05-15 12:15:00+05:30,2291.6637153771067,2307.720264650529,-1103.539990482539,LOSS,STOP LOSS
ASIANPAINT_NS_1h.csv,LONG,2025-05-19 11:15:00+05:30,2025-05-19 15:15:00+05:30,2341.9928181089713,2329.8345,-821.860094174166,LOSS,TIME EXIT
ASIANPAINT_NS_1h.csv,LONG,2025-05-27 10:15:00+05:30,2025-05-27 15:15:00+05:30,2326.424653744815,2326.436297607422,511.5676816248358,WIN,TIME EXIT
ASIANPAINT_NS_1h.csv,LONG,2025-07-31 10:15:00+05:30,2025-07-31 11:15:00+05:30,2406.7579283973837,2389.9262590070825,-1087.2678879001328,LOSS,STOP LOSS
ASIANPAINT_NS_1h.csv,LONG,2025-08-13 10:15:00+05:30,2025-08-13 15:15:00+05:30,2488.3844642992376,2500.7490000000003,685.819001569996,WIN,TIME EXIT
ASIANPAINT_NS_1h.csv,LONG,2025-09-03 10:15:00+05:30,2025-09-03 15:15:00+05:30,2551.2183805586074,2552.622952392578,37.76386308933421,WIN,TIME EXIT
ASIANPAINT_NS_1h.csv,LONG,2025-09-05 11:15:00+05:30,2025-09-05 15:15:00+05:30,2572.0314775847,2578.71,343.6151705873997,WIN,TIME EXIT
ASIANPAINT_NS_1h.csv,SHORT,2025-09-08 11:15:00+05:30,2025-09-08 15:15:00+05:30,2569.6936344470873,2534.966801147461,1520.194876485901,WIN,TIME EXIT
ASIANPAINT_NS_1h.csv,LONG,2025-09-19 10:15:00+05:30,2025-09-19 15:15:00+05:30,2492.1661485824293,2493.7525,52.964463909316834,WIN,TIME EXIT
ASIANPAINT_NS_1h.csv,SHORT,2025-09-30 10:15:00+05:30,2025-09-30 15:15:00+05:30,2351.007345513862,2351.1749999999997,-54.491767112800495,LOSS,TIME EXIT
ASIANPAINT_NS_1h.csv,LONG,2025-10-13 10:15:00+05:30,2025-10-13 15:15:00+05:30,2345.0355106528905,2341.8285,-252.26116375037623,LOSS,TIME EXIT
ASIANPAINT_NS_1h.csv,LONG,2025-11-24 10:15:00+05:30,2025-11-24 15:15:00+05:30,2878.8476378095734,2877.7603511962893,-100.27999234732577,LOSS,TIME EXIT
ASIANPAINT_NS_1h.csv,LONG,2025-11-27 10:15:00+05:30,2025-11-27 15:15:00+05:30,2885.1044599158167,2874.262101196289,-607.5391941469857,LOSS,TIME EXIT
ASIANPAINT_NS_1h.csv,LONG,2026-01-02 10:15:00+05:30,2026-01-02 15:15:00+05:30,2772.581455540303,2771.213797607422,-117.5946670023564,LOSS,TIME EXIT
ASIANPAINT_NS_1h.csv,LONG,2026-01-06 11:15:00+05:30,2026-01-06 15:15:00+05:30,2816.914945735259,2843.677547607422,1224.1212227104656,WIN,TIME EXIT
ASIANPAINT_NS_1h.csv,LONG,2026-01-22 11:15:00+05:30,2026-01-22 15:15:00+05:30,2686.363028075668,2702.448148803711,967.702468310009,WIN,TIME EXIT
ASIANPAINT_NS_1h.csv,SHORT,2026-01-27 10:15:00+05:30,2026-01-27 13:15:00+05:30,2711.0216587898835,2645.890685721657,2347.8470026258087,WIN,TP2
ASIANPAINT_NS_1h.csv,SHORT,2026-02-03 11:15:00+05:30,2026-02-03 15:15:00+05:30,2423.358284842097,2427.2129999999997,-294.5007063886803,LOSS,TIME EXIT
ASIANPAINT_NS_1h.csv,LONG,2026-03-06 10:15:00+05:30,2026-03-06 15:15:00+05:30,2279.671178524504,2275.661648803711,395.1341148621351,WIN,TIME EXIT
ASIANPAINT_NS_1h.csv,SHORT,2026-03-16 11:15:00+05:30,2026-03-16 14:15:00+05:30,2200.6336759676633,2216.0524229739676,-1138.6645304983863,LOSS,STOP LOSS
ASIANPAINT_NS_1h.csv,LONG,2026-03-17 11:15:00+05:30,2026-03-17 15:15:00+05:30,2221.1270767196215,2239.8795,1193.6710290841688,WIN,TIME EXIT
AXISBANK_NS_1h.csv,SHORT,2025-04-23 10:15:00+05:30,2025-04-23 15:15:00+05:30,1212.6020137447988,1206.6029999999998,905.9440011952379,WIN,TIME EXIT
AXISBANK_NS_1h.csv,LONG,2025-04-24 11:15:00+05:30,2025-04-24 14:15:00+05:30,1209.8943708732345,1201.4329706603412,-1126.903812756455,LOSS,STOP LOSS
AXISBANK_NS_1h.csv,LONG,2025-04-28 11:15:00+05:30,2025-04-28 15:15:00+05:30,1178.8650110965987,1192.203648803711,1395.5019637700748,WIN,TIME EXIT
AXISBANK_NS_1h.csv,SHORT,2025-04-30 10:15:00+05:30,2025-04-30 15:15:00+05:30,1187.8137174183873,1185.5925,244.9050887653579,WIN,TIME EXIT
AXISBANK_NS_1h.csv,LONG,2025-05-02 11:15:00+05:30,2025-05-02 12:15:00+05:30,1192.8898560990876,1184.5473770155043,-1128.3720598411403,LOSS,STOP LOSS
AXISBANK_NS_1h.csv,SHORT,2025-05-15 10:15:00+05:30,2025-05-15 12:15:00+05:30,1193.332137073108,1201.6932225717803,-1122.455489971522,LOSS,STOP LOSS
AXISBANK_NS_1h.csv,SHORT,2025-05-27 11:15:00+05:30,2025-05-27 15:15:00+05:30,1208.7742553527385,1196.1977755737305,1318.4154889977171,WIN,TIME EXIT
AXISBANK_NS_1h.csv,SHORT,2025-05-30 10:15:00+05:30,2025-05-30 15:15:00+05:30,1197.3085690564237,1193.5964999999999,435.00755956617576,WIN,TIME EXIT
AXISBANK_NS_1h.csv,SHORT,2025-06-03 10:15:00+05:30,2025-06-03 15:15:00+05:30,1191.3139390909023,1181.290301147461,1187.8382665214885,WIN,TIME EXIT
AXISBANK_NS_1h.csv,LONG,2025-06-18 10:15:00+05:30,2025-06-18 15:15:00+05:30,1218.4297151150004,1220.3895,206.9472188799533,WIN,TIME EXIT
AXISBANK_NS_1h.csv,SHORT,2025-06-27 10:15:00+05:30,2025-06-27 15:15:00+05:30,1225.493899247386,1224.6119999999999,68.9643452654301,WIN,TIME EXIT
AXISBANK_NS_1h.csv,LONG,2025-07-03 10:15:00+05:30,2025-07-03 15:15:00+05:30,1177.536914010761,1169.3018057775446,-1139.157323521985,LOSS,STOP LOSS
AXISBANK_NS_1h.csv,LONG,2025-07-22 10:15:00+05:30,2025-07-22 15:15:00+05:30,1103.7749104866866,1097.451,-935.5398933978106,LOSS,TIME EXIT
AXISBANK_NS_1h.csv,LONG,2025-08-11 10:15:00+05:30,2025-08-11 15:15:00+05:30,1063.900305615413,1071.4640000000002,1080.4197382681466,WIN,TIME EXIT
AXISBANK_NS_1h.csv,LONG,2025-09-03 10:15:00+05:30,2025-09-03 12:15:00+05:30,1057.8977293873368,1050.4993181804173,-1131.4270324114782,LOSS,STOP LOSS
AXISBANK_NS_1h.csv,SHORT,2025-10-28 10:15:00+05:30,2025-10-28 15:15:00+05:30,1248.4262289880576,1246.923198852539,619.2461669978553,WIN,TIME EXIT
AXISBANK_NS_1h.csv,LONG,2025-11-06 10:15:00+05:30,2025-11-06 15:15:00+05:30,1230.2284794277316,1227.8857500000001,-339.05174800666344,LOSS,TIME EXIT
AXISBANK_NS_1h.csv,LONG,2025-11-24 11:15:00+05:30,2025-11-24 14:15:00+05:30,1281.0651674607298,1272.1060340507122,-1118.912327304259,LOSS,STOP LOSS
AXISBANK_NS_1h.csv,SHORT,2026-01-07 10:15:00+05:30,2026-01-07 15:15:00+05:30,1289.0789698438678,1296.1477499999999,-877.9396942860885,LOSS,TIME EXIT
AXISBANK_NS_1h.csv,SHORT,2026-01-13 10:15:00+05:30,2026-01-13 15:15:00+05:30,1271.6998766627535,1262.6309999999999,1061.2583362688333,WIN,TIME EXIT
AXISBANK_NS_1h.csv,LONG,2026-01-16 11:15:00+05:30,2026-01-16 15:15:00+05:30,1292.5298828882019,1293.0531011962892,17.925253705769997,WIN,TIME EXIT
AXISBANK_NS_1h.csv,SHORT,2026-01-23 10:15:00+05:30,2026-01-23 15:15:00+05:30,1287.405305882556,1256.476021332776,2349.3920321267397,WIN,TP2
AXISBANK_NS_1h.csv,SHORT,2026-02-03 10:15:00+05:30,2026-02-03 11:15:00+05:30,1354.294612701786,1363.7834823093403,-1135.1408823803847,LOSS,STOP LOSS
AXISBANK_NS_1h.csv,SHORT,2026-02-04 10:15:00+05:30,2026-02-04 15:15:00+05:30,1354.2340546120033,1340.469948852539,1318.9167132939822,WIN,TIME EXIT
AXISBANK_NS_1h.csv,SHORT,2026-02-09 10:15:00+05:30,2026-02-09 12:15:00+05:30,1337.1411170841955,1346.5098006689284,-1140.07452058071,LOSS,STOP LOSS
AXISBANK_NS_1h.csv,LONG,2026-02-20 10:15:00+05:30,2026-02-20 15:15:00+05:30,1364.858226175851,1367.615898803711,684.1195529221732,WIN,TIME EXIT
AXISBANK_NS_1h.csv,SHORT,2026-03-24 11:15:00+05:30,2026-03-24 12:15:00+05:30,1179.2254209832786,1187.4876677297977,-1134.5352798440385,LOSS,STOP LOSS
BAJFINANCE_NS_1h.csv,SHORT,2025-04-17 11:15:00+05:30,2025-04-17 12:15:00+05:30,4519.018118886881,4550.680634031018,-1120.3935934395743,LOSS,STOP LOSS
BAJFINANCE_NS_1h.csv,SHORT,2025-04-23 11:15:00+05:30,2025-04-23 13:15:00+05:30,4617.629323875117,4649.98275874765,-9.662345472007246,LOSS,SL_after_TP1
BAJFINANCE_NS_1h.csv,LONG,2025-05-07 10:15:00+05:30,2025-05-07 15:15:00+05:30,4419.664055136196,4483.7570000000005,1606.2170870402265,WIN,TIME EXIT
BAJFINANCE_NS_1h.csv,LONG,2025-05-08 11:15:00+05:30,2025-05-08 13:15:00+05:30,4472.807584185368,4441.526989816009,-1107.315506499559,LOSS,STOP LOSS
BAJFINANCE_NS_1h.csv,SHORT,2025-05-15 10:15:00+05:30,2025-05-15 12:15:00+05:30,4528.353072241234,4560.080992766402,-1090.7834441495754,LOSS,STOP LOSS
BAJFINANCE_NS_1h.csv,SHORT,2025-05-20 10:15:00+05:30,2025-05-20 15:15:00+05:30,4609.880890228729,4545.021374999999,1544.7970614329397,WIN,TIME EXIT
BAJFINANCE_NS_1h.csv,SHORT,2025-05-27 10:15:00+05:30,2025-05-27 15:15:00+05:30,4622.019429606657,4589.2935,1064.8037480753587,WIN,TIME EXIT
BAJFINANCE_NS_1h.csv,SHORT,2025-05-28 10:15:00+05:30,2025-05-28 12:15:00+05:30,4600.230283137367,4632.461811574397,-1107.4622194165302,LOSS,STOP LOSS
BAJFINANCE_NS_1h.csv,SHORT,2025-05-29 10:15:00+05:30,2025-05-29 15:15:00+05:30,4614.371963493442,4604.3009999999995,288.54324695861345,WIN,TIME EXIT
BAJFINANCE_NS_1h.csv,SHORT,2025-06-02 11:15:00+05:30,2025-06-02 15:15:00+05:30,4570.976606709467,4561.529625,267.9871344717812,WIN,TIME EXIT
BAJFINANCE_NS_1h.csv,LONG,2025-06-06 10:15:00+05:30,2025-06-06 11:15:00+05:30,4513.076117755464,4621.279429474264,2368.68540837109,WIN,TP2
BAJFINANCE_NS_1h.csv,LONG,2025-06-11 10:15:00+05:30,2025-06-11 11:15:00+05:30,4762.825509772,4729.516674097963,-1143.0934284993602,LOSS,STOP LOSS
BAJFINANCE_NS_1h.csv,LONG,2025-06-25 10:15:00+05:30,2025-06-25 15:15:00+05:30,920.6588189482803,927.03625,1076.1885576499749,WIN,TIME EXIT
BAJFINANCE_NS_1h.csv,SHORT,2025-06-27 10:15:00+05:30,2025-06-27 15:15:00+05:30,942.435468349299,949.0386455227357,-1146.692824308992,LOSS,STOP LOSS
BAJFINANCE_NS_1h.csv,SHORT,2025-06-30 10:15:00+05:30,2025-06-30 15:15:00+05:30,941.7196779638343,936.9682499999999,740.120620001431,WIN,TIME EXIT
BAJFINANCE_NS_1h.csv,SHORT,2025-07-02 10:15:00+05:30,2025-07-02 15:15:00+05:30,933.014883641956,923.1613622131347,1371.4660289046578,WIN,TIME EXIT
BAJFINANCE_NS_1h.csv,SHORT,2025-07-07 10:15:00+05:30,2025-07-07 15:15:00+05:30,922.5968151903023,924.1118494262694,-304.5595695388656,LOSS,TIME EXIT
BAJFINANCE_NS_1h.csv,LONG,2025-07-18 11:15:00+05:30,2025-07-18 15:15:00+05:30,925.5157571092809,939.5799627990723,1754.2015182343687,WIN,TIME EXIT
BAJFINANCE_NS_1h.csv,SHORT,2025-07-24 10:15:00+05:30,2025-07-24 15:15:00+05:30,961.3272047826242,957.3284005737305,627.7783278117347,WIN,TIME EXIT
BAJFINANCE_NS_1h.csv,LONG,2025-08-01 11:15:00+05:30,2025-08-01 14:15:00+05:30,884.4189789685112,878.2337919661697,-1175.9071410267254,LOSS,STOP LOSS
BAJFINANCE_NS_1h.csv,SHORT,2025-08-04 10:15:00+05:30,2025-08-04 15:15:00+05:30,880.406205700455,886.192875,-1097.2059900984393,LOSS,TIME EXIT
BAJFINANCE_NS_1h.csv,SHORT,2025-08-06 10:15:00+05:30,2025-08-06 15:15:00+05:30,884.5229763728983,877.3384744262695,1193.1286967999035,WIN,TIME EXIT
BAJFINANCE_NS_1h.csv,LONG,2025-08-08 10:15:00+05:30,2025-08-08 15:15:00+05:30,879.042881631791,877.561,-315.1991801927526,LOSS,TIME EXIT
BAJFINANCE_NS_1h.csv,SHORT,2025-08-19 11:15:00+05:30,2025-08-19 14:15:00+05:30,895.808513048819,902.0849983083295,-1167.5276918198158,LOSS,STOP LOSS
BAJFINANCE_NS_1h.csv,LONG,2025-08-21 10:15:00+05:30,2025-08-21 15:15:00+05:30,891.8691040967906,894.9023005981446,813.1946033326885,WIN,TIME EXIT
BAJFINANCE_NS_1h.csv,LONG,2025-08-22 10:15:00+05:30,2025-08-22 15:15:00+05:30,896.8070756016158,894.6024627990723,-436.4020598121927,LOSS,TIME EXIT
BAJFINANCE_NS_1h.csv,SHORT,2025-09-18 11:15:00+05:30,2025-09-18 15:15:00+05:30,1002.9970868477974,994.747125,1202.3853137141705,WIN,TIME EXIT
BAJFINANCE_NS_1h.csv,LONG,2025-09-30 11:15:00+05:30,2025-09-30 15:15:00+05:30,994.6776227927037,998.4005744018555,559.0746383562605,WIN,TIME EXIT
BAJFINANCE_NS_1h.csv,LONG,2025-10-31 10:15:00+05:30,2025-10-31 11:15:00+05:30,1057.3565887599755,1049.9619620217914,-1175.393995446903,LOSS,STOP LOSS
BAJFINANCE_NS_1h.csv,LONG,2025-12-22 11:15:00+05:30,2025-12-22 15:15:00+05:30,1007.6352627802133,1006.99625,-144.94165446120243,LOSS,TIME EXIT
BAJFINANCE_NS_1h.csv,LONG,2025-12-23 11:15:00+05:30,2025-12-23 15:15:00+05:30,1009.6364033456508,1011.494,249.50487008717496,WIN,TIME EXIT
BAJFINANCE_NS_1h.csv,SHORT,2026-01-05 10:15:00+05:30,2026-01-05 15:15:00+05:30,985.2778222553707,978.3389005737305,1117.2310427711027,WIN,TIME EXIT
BAJFINANCE_NS_1h.csv,LONG,2026-01-09 11:15:00+05:30,2026-01-09 12:15:00+05:30,972.3447319579848,965.5446359164955,-1172.822953126272,LOSS,STOP LOSS
BAJFINANCE_NS_1h.csv,SHORT,2026-01-13 11:15:00+05:30,2026-01-13 15:15:00+05:30,949.9534304298203,949.4744999999999,595.3046449350006,WIN,TIME EXIT
BAJFINANCE_NS_1h.csv,LONG,2026-01-16 11:15:00+05:30,2026-01-16 15:15:00+05:30,951.8559283356,950.5245000000001,-269.0273547288775,LOSS,TIME EXIT
BAJFINANCE_NS_1h.csv,LONG,2026-01-19 11:15:00+05:30,2026-01-19 15:15:00+05:30,957.5743204344911,967.01625,1344.2426215108617,WIN,TIME EXIT
BAJFINANCE_NS_1h.csv,LONG,2026-01-23 10:15:00+05:30,2026-01-23 11:15:00+05:30,942.2332523605965,935.643741049485,-1177.41921359768,LOSS,STOP LOSS
BAJFINANCE_NS_1h.csv,LONG,2026-01-28 10:15:00+05:30,2026-01-28 15:15:00+05:30,922.6722251020964,935.1321755981447,1641.4568246855047,WIN,TIME EXIT
BAJFINANCE_NS_1h.csv,SHORT,2026-02-05 10:15:00+05:30,2026-02-05 13:15:00+05:30,961.5720844541302,968.3093423905304,-1182.687698223248,LOSS,STOP LOSS
BAJFINANCE_NS_1h.csv,LONG,2026-02-06 10:15:00+05:30,2026-02-06 15:15:00+05:30,966.8456906326695,981.509,1788.938350383179,WIN,TIME EXIT
BAJFINANCE_NS_1h.csv,SHORT,2026-02-09 10:15:00+05:30,2026-02-09 12:15:00+05:30,974.8732534268044,981.7037060468622,-1191.6391957351118,LOSS,STOP LOSS
BAJFINANCE_NS_1h.csv,LONG,2026-02-16 11:15:00+05:30,2026-02-16 13:15:00+05:30,1015.0454388599119,1007.9467152859961,-1179.8275586876682,LOSS,STOP LOSS
BAJFINANCE_NS_1h.csv,SHORT,2026-02-17 10:15:00+05:30,2026-02-17 15:15:00+05:30,1011.0774123030222,1014.6570994262694,-609.5984610157819,LOSS,TIME EXIT
BAJFINANCE_NS_1h.csv,LONG,2026-02-25 11:15:00+05:30,2026-02-25 12:15:00+05:30,1025.7464492515662,1018.5728881267155,-1155.8489442933528,LOSS,STOP LOSS
BAJFINANCE_NS_1h.csv,SHORT,2026-03-10 10:15:00+05:30,2026-03-10 11:15:00+05:30,937.8885503041689,944.4598694815376,-1147.9483532497557,LOSS,STOP LOSS
BAJFINANCE_NS_1h.csv,LONG,2026-03-16 10:15:00+05:30,2026-03-16 15:15:00+05:30,863.0528913677514,873.5630000000001,1493.2133185252892,WIN,TIME EXIT
BAJFINANCE_NS_1h.csv,SHORT,2026-03-18 11:15:00+05:30,2026-03-18 12:15:00+05:30,866.1184357208106,872.1868973569814,-1154.5187344746662,LOSS,STOP LOSS
BHARTIARTL_NS_1h.csv,SHORT,2025-04-23 11:15:00+05:30,2025-04-23 14:15:00+05:30,1853.8944139104365,1866.8837311496707,-1108.951125266061,LOSS,STOP LOSS
BHARTIARTL_NS_1h.csv,SHORT,2025-04-24 10:15:00+05:30,2025-04-24 15:15:00+05:30,1860.4403052694995,1846.52277557373,1082.8542545435216,WIN,TIME EXIT
BHARTIARTL_NS_1h.csv,SHORT,2025-04-28 10:15:00+05:30,2025-04-28 15:15:00+05:30,1824.1096403029128,1822.7109488525389,73.66238883881871,WIN,TIME EXIT
BHARTIARTL_NS_1h.csv,LONG,2025-04-29 10:15:00+05:30,2025-04-29 15:15:00+05:30,1826.946739346557,1822.8881488037111,-384.7496707115415,LOSS,TIME EXIT
BHARTIARTL_NS_1h.csv,LONG,2025-05-02 10:15:00+05:30,2025-05-02 11:15:00+05:30,1849.1012409334473,1836.1695453984037,-1104.1631814416478,LOSS,STOP LOSS
BHARTIARTL_NS_1h.csv,LONG,2025-05-14 10:15:00+05:30,2025-05-14 11:15:00+05:30,1838.639520020764,1825.780988564907,-1098.1424304068337,LOSS,STOP LOSS
BHARTIARTL_NS_1h.csv,LONG,2025-05-21 11:15:00+05:30,2025-05-21 15:15:00+05:30,1814.94490528773,1820.0895,378.125582931137,WIN,TIME EXIT
BHARTIARTL_NS_1h.csv,SHORT,2025-06-02 11:15:00+05:30,2025-06-02 15:15:00+05:30,1853.4888160417693,1855.02702557373,-168.3514018156095,LOSS,TIME EXIT
BHARTIARTL_NS_1h.csv,SHORT,2025-06-03 10:15:00+05:30,2025-06-03 15:15:00+05:30,1848.9877216292073,1842.6208011474607,769.6259145667001,WIN,TIME EXIT
BHARTIARTL_NS_1h.csv,SHORT,2025-06-09 11:15:00+05:30,2025-06-09 15:15:00+05:30,1869.5109545089908,1866.03252557373,234.54224976971722,WIN,TIME EXIT
BHARTIARTL_NS_1h.csv,LONG,2025-06-10 10:15:00+05:30,2025-06-10 12:15:00+05:30,1867.8586114654397,1854.7957361986496,-1101.8488579758016,LOSS,STOP LOSS
BHARTIARTL_NS_1h.csv,LONG,2025-07-01 11:15:00+05:30,2025-07-01 15:15:00+05:30,2015.2326707403802,2018.3903244018557,189.932348849042,WIN,TIME EXIT
BHARTIARTL_NS_1h.csv,LONG,2025-07-21 10:15:00+05:30,2025-07-21 15:15:00+05:30,1910.0497456642142,1906.346398803711,-332.57843059691595,LOSS,TIME EXIT
BHARTIARTL_NS_1h.csv,LONG,2025-07-25 10:15:00+05:30,2025-07-25 15:15:00+05:30,1941.6534627802139,1928.0745029810405,-1089.2914479545896,LOSS,STOP LOSS
BHARTIARTL_NS_1h.csv,LONG,2025-08-06 11:15:00+05:30,2025-08-06 15:15:00+05:30,1930.492087333752,1922.0385,-686.1245105151356,LOSS,TIME EXIT
BHARTIARTL_NS_1h.csv,SHORT,2025-08-07 11:15:00+05:30,2025-08-07 15:15:00+05:30,1921.5737422846846,1923.5612755737302,-194.70729639105468,LOSS,TIME EXIT
BHARTIARTL_NS_1h.csv,SHORT,2025-08-25 11:15:00+05:30,2025-08-25 15:15:00+05:30,1926.418005598447,1931.665301147461,-442.4646257972343,LOSS,TIME EXIT
BHARTIARTL_NS_1h.csv,LONG,2025-09-02 10:15:00+05:30,2025-09-02 13:15:00+05:30,1899.2198221688325,1885.9376221731154,-1066.3598295928973,LOSS,STOP LOSS
BHARTIARTL_NS_1h.csv,SHORT,2025-09-04 10:15:00+05:30,2025-09-04 15:15:00+05:30,1882.4282764650277,1881.3402244262695,39.11740851921164,WIN,TIME EXIT
BHARTIARTL_NS_1h.csv,SHORT,2025-09-18 10:15:00+05:30,2025-09-18 13:15:00+05:30,1934.916507572677,1948.473506374609,-1046.8225873297754,LOSS,STOP LOSS
BHARTIARTL_NS_1h.csv,LONG,2025-09-19 10:15:00+05:30,2025-09-19 15:15:00+05:30,1939.2919101867465,1961.4188244018555,1293.0451461263633,WIN,TIME EXIT
BHARTIARTL_NS_1h.csv,LONG,2025-10-13 11:15:00+05:30,2025-10-13 15:15:00+05:30,1948.150225946324,1954.0225,390.93333834701934,WIN,TIME EXIT
BHARTIARTL_NS_1h.csv,SHORT,2025-10-14 10:15:00+05:30,2025-10-14 15:15:00+05:30,1949.319394422752,1947.5732755737301,85.60978426781426,WIN,TIME EXIT
BHARTIARTL_NS_1h.csv,LONG,2025-10-16 11:15:00+05:30,2025-10-16 15:15:00+05:30,1970.420189220429,1966.4163244018555,-335.87084154789505,LOSS,TIME EXIT
BHARTIARTL_NS_1h.csv,LONG,2025-10-29 10:15:00+05:30,2025-10-29 15:15:00+05:30,2087.9380748259346,2098.9500000000003,869.107913382899,WIN,TIME EXIT
BHARTIARTL_NS_1h.csv,SHORT,2025-11-06 11:15:00+05:30,2025-11-06 13:15:00+05:30,2098.0092728576383,2112.7089816498565,-1057.9243296564011,LOSS,STOP LOSS
BHARTIARTL_NS_1h.csv,LONG,2025-12-02 10:15:00+05:30,2025-12-02 15:15:00+05:30,2100.5754144029383,2102.9480000000003,120.08082089727597,WIN,TIME EXIT
BHARTIARTL_NS_1h.csv,LONG,2025-12-10 10:15:00+05:30,2025-12-10 12:15:00+05:30,2089.5034401099506,2074.890491014049,-1051.8726737142035,LOSS,STOP LOSS
BHARTIARTL_NS_1h.csv,SHORT,2025-12-23 10:15:00+05:30,2025-12-23 15:15:00+05:30,2129.848745799463,2123.9613522949217,350.8977295391698,WIN,TIME EXIT
BHARTIARTL_NS_1h.csv,LONG,2025-12-30 10:15:00+05:30,2025-12-30 15:15:00+05:30,2095.8238139028294,2098.750148803711,155.42289800697955,WIN,TIME EXIT
BHARTIARTL_NS_1h.csv,SHORT,2026-01-13 10:15:00+05:30,2026-01-13 15:15:00+05:30,2027.8639506437091,2027.9134744262694,-47.11573497888792,LOSS,TIME EXIT
BHARTIARTL_NS_1h.csv,SHORT,2026-01-19 10:15:00+05:30,2026-01-19 15:15:00+05:30,2013.7170911666137,2008.0034999999998,362.1007666170886,WIN,TIME EXIT
BHARTIARTL_NS_1h.csv,LONG,2026-01-22 11:15:00+05:30,2026-01-22 15:15:00+05:30,2002.171351436829,2001.198851196289,-113.62217525102108,LOSS,TIME EXIT
BHARTIARTL_NS_1h.csv,SHORT,2026-01-29 11:15:00+05:30,2026-01-29 15:15:00+05:30,1957.4999179113101,1968.0835255737302,-816.1951117908346,LOSS,TIME EXIT
BHARTIARTL_NS_1h.csv,SHORT,2026-02-05 10:15:00+05:30,2026-02-05 15:15:00+05:30,2014.2283643970943,1993.3962244262693,1230.9981218516941,WIN,TIME EXIT
BHARTIARTL_NS_1h.csv,LONG,2026-02-25 10:15:00+05:30,2026-02-25 11:15:00+05:30,1953.5897790447962,1939.927342579053,-1054.609164048769,LOSS,STOP LOSS
BHARTIARTL_NS_1h.csv,LONG,2026-03-13 10:15:00+05:30,2026-03-13 12:15:00+05:30,1809.8787056965084,1797.2213130890536,-1043.4835280822774,LOSS,STOP LOSS
BHARTIARTL_NS_1h.csv,LONG,2026-03-20 10:15:00+05:30,2026-03-20 15:15:00+05:30,1845.3221252526412,1843.9775744018555,-145.68942205107737,LOSS,TIME EXIT
BHARTIARTL_NS_1h.csv,LONG,2026-03-27 11:15:00+05:30,2026-03-27 14:15:00+05:30,1831.5204538561811,1818.7117096126715,-1029.7743267912465,LOSS,STOP LOSS
HCLTECH_NS_1h.csv,SHORT,2025-04-08 10:15:00+05:30,2025-04-08 11:15:00+05:30,1378.0274221235743,1387.6825757375123,-1115.5728702947847,LOSS,STOP LOSS
HCLTECH_NS_1h.csv,LONG,2025-04-16 10:15:00+05:30,2025-04-16 15:15:00+05:30,1416.5186666378775,1430.9841011962892,1297.2758431385478,WIN,TIME EXIT
HCLTECH_NS_1h.csv,SHORT,2025-04-17 11:15:00+05:30,2025-04-17 12:15:00+05:30,1412.080125263169,1421.9738692523815,-1122.29297361787,LOSS,STOP LOSS
HCLTECH_NS_1h.csv,LONG,2025-04-30 11:15:00+05:30,2025-04-30 15:15:00+05:30,1568.6566300314355,1557.6862247937245,-1107.9066971530938,LOSS,STOP LOSS
HCLTECH_NS_1h.csv,LONG,2025-05-02 10:15:00+05:30,2025-05-02 15:15:00+05:30,1571.7849154415676,1575.7117500000002,329.3069676448446,WIN,TIME EXIT
HCLTECH_NS_1h.csv,LONG,2025-05-05 10:15:00+05:30,2025-05-05 14:15:00+05:30,1577.196859210802,1566.1667278525829,-1091.582125009457,LOSS,STOP LOSS
HCLTECH_NS_1h.csv,SHORT,2025-05-06 10:15:00+05:30,2025-05-06 14:15:00+05:30,1571.3483077069789,1582.3579647343645,-1089.6755177678788,LOSS,STOP LOSS
HCLTECH_NS_1h.csv,LONG,2025-05-08 11:15:00+05:30,2025-05-08 15:15:00+05:30,1575.341393962273,1572.2135,348.4254948764666,WIN,TIME EXIT
HCLTECH_NS_1h.csv,LONG,2025-05-14 10:15:00+05:30,2025-05-14 15:15:00+05:30,1630.1156804040731,1636.8811011962891,571.9293875864337,WIN,TIME EXIT
HCLTECH_NS_1h.csv,SHORT,2025-05-27 10:15:00+05:30,2025-05-27 11:15:00+05:30,1663.7201043174339,1675.3769646381288,-1081.1882822881687,LOSS,STOP LOSS
HCLTECH_NS_1h.csv,SHORT,2025-05-28 10:15:00+05:30,2025-05-28 15:15:00+05:30,1654.7809443074054,1658.128698852539,-341.6394908718295,LOSS,TIME EXIT
HCLTECH_NS_1h.csv,SHORT,2025-06-03 10:15:00+05:30,2025-06-03 15:15:00+05:30,1632.019681939407,1631.3152499999999,19.728415234146766,WIN,TIME EXIT
HCLTECH_NS_1h.csv,LONG,2025-06-24 10:15:00+05:30,2025-06-24 13:15:00+05:30,1716.3390520979365,1704.3358293617755,-1063.8956462110768,LOSS,STOP LOSS
HCLTECH_NS_1h.csv,SHORT,2025-06-30 10:15:00+05:30,2025-06-30 15:15:00+05:30,1721.6974997620198,1733.7605788924182,-1056.9395441691368,LOSS,STOP LOSS
HCLTECH_NS_1h.csv,LONG,2025-09-01 10:15:00+05:30,2025-09-01 15:15:00+05:30,1461.2574578823287,1468.2655,643.1908770567841,WIN,TIME EXIT
HCLTECH_NS_1h.csv,LONG,2025-09-24 10:15:00+05:30,2025-09-24 15:15:00+05:30,1436.553729398437,1441.5788988037111,458.9129932803935,WIN,TIME EXIT
HCLTECH_NS_1h.csv,SHORT,2025-10-13 10:15:00+05:30,2025-10-13 14:15:00+05:30,1486.3896037904813,1496.803997382622,-1053.825928131295,LOSS,STOP LOSS
HCLTECH_NS_1h.csv,SHORT,2025-10-15 10:15:00+05:30,2025-10-15 15:15:00+05:30,1496.154249055194,1496.8480255737304,-110.19498104087367,LOSS,TIME EXIT
HCLTECH_NS_1h.csv,SHORT,2025-10-30 10:15:00+05:30,2025-10-30 15:15:00+05:30,1545.118585964463,1550.574948852539,-545.5517080853529,LOSS,TIME EXIT
HCLTECH_NS_1h.csv,LONG,2025-11-24 10:15:00+05:30,2025-11-24 14:15:00+05:30,1625.7169201735528,1614.3474636113797,-1032.6539266424168,LOSS,STOP LOSS
HCLTECH_NS_1h.csv,SHORT,2025-12-03 10:15:00+05:30,2025-12-03 11:15:00+05:30,1633.9976654026786,1645.4462753584714,-1028.1181656902006,LOSS,STOP LOSS
HCLTECH_NS_1h.csv,SHORT,2025-12-11 10:15:00+05:30,2025-12-11 15:15:00+05:30,1663.2507443093186,1673.2362244262695,-872.2668148726042,LOSS,TIME EXIT
HCLTECH_NS_1h.csv,LONG,2025-12-18 10:15:00+05:30,2025-12-18 15:15:00+05:30,1657.6918091676932,1664.1675,494.0291915189629,WIN,TIME EXIT
HCLTECH_NS_1h.csv,LONG,2026-01-06 10:15:00+05:30,2026-01-06 15:15:00+05:30,1615.6109509568394,1615.7916755981446,-27.93163295028601,LOSS,TIME EXIT
HCLTECH_NS_1h.csv,SHORT,2026-01-13 10:15:00+05:30,2026-01-13 11:15:00+05:30,1658.3824778735816,1670.001940097242,-1007.8806185895085,LOSS,STOP LOSS
HCLTECH_NS_1h.csv,SHORT,2026-01-14 10:15:00+05:30,2026-01-14 11:15:00+05:30,1659.5828831218057,1671.2107559887409,-996.9115571384592,LOSS,STOP LOSS
HCLTECH_NS_1h.csv,LONG,2026-01-28 10:15:00+05:30,2026-01-28 15:15:00+05:30,1715.432619568523,1725.6367500000001,859.4002631229732,WIN,TIME EXIT
HCLTECH_NS_1h.csv,LONG,2026-02-19 11:15:00+05:30,2026-02-19 12:15:00+05:30,1472.2694523410448,1461.9731311436133,-1000.9569588910433,LOSS,STOP LOSS
HCLTECH_NS_1h.csv,LONG,2026-02-26 11:15:00+05:30,2026-02-26 12:15:00+05:30,1381.3541409500779,1371.6936362781862,-990.090107254264,LOSS,STOP LOSS
HCLTECH_NS_1h.csv,SHORT,2026-03-10 11:15:00+05:30,2026-03-10 15:15:00+05:30,1355.0704342417528,1364.5647396454497,-983.3135326966154,LOSS,STOP LOSS
HCLTECH_NS_1h.csv,SHORT,2026-03-11 10:15:00+05:30,2026-03-11 12:15:00+05:30,1356.095860935064,1365.5973509942216,-964.956109314461,LOSS,STOP LOSS
HCLTECH_NS_1h.csv,SHORT,2026-03-12 10:15:00+05:30,2026-03-12 13:15:00+05:30,1354.47629730354,1363.966439884847,-954.3272072612009,LOSS,STOP LOSS
HCLTECH_NS_1h.csv,SHORT,2026-03-17 10:15:00+05:30,2026-03-17 15:15:00+05:30,1321.5322210339157,1321.460448852539,-36.20390432477477,LOSS,TIME EXIT
HDFCBANK_NS_1h.csv,SHORT,2025-04-25 10:15:00+05:30,2025-04-25 15:15:00+05:30,957.8973107162399,954.477,803.521426204834,WIN,TIME EXIT
HDFCBANK_NS_1h.csv,LONG,2025-05-07 10:15:00+05:30,2025-05-07 15:15:00+05:30,966.8203082068276,971.6639494018555,731.0959354068542,WIN,TIME EXIT
HDFCBANK_NS_1h.csv,SHORT,2025-05-08 10:15:00+05:30,2025-05-08 15:15:00+05:30,967.5697302499559,964.732125,412.9713984397771,WIN,TIME EXIT
HDFCBANK_NS_1h.csv,SHORT,2025-05-13 10:15:00+05:30,2025-05-13 15:15:00+05:30,969.1599174032207,961.7806377868652,1134.77295190222,WIN,TIME EXIT
HDFCBANK_NS_1h.csv,SHORT,2025-05-29 10:15:00+05:30,2025-05-29 15:15:00+05:30,960.3484057448092,967.0770899723537,-1154.2220905409933,LOSS,STOP LOSS
HDFCBANK_NS_1h.csv,SHORT,2025-08-28 11:15:00+05:30,2025-08-28 15:15:00+05:30,971.2021072428364,962.2808877868652,1260.9734051160733,WIN,TIME EXIT
HDFCBANK_NS_1h.csv,LONG,2025-09-29 11:15:00+05:30,2025-09-29 15:15:00+05:30,949.2720303126448,951.5739627990723,340.4499039387093,WIN,TIME EXIT
HDFCBANK_NS_1h.csv,LONG,2025-10-27 11:15:00+05:30,2025-10-27 15:15:00+05:30,1003.6307218028765,1002.9982500000001,-143.89238794196373,LOSS,TIME EXIT
HDFCBANK_NS_1h.csv,SHORT,2025-11-11 11:15:00+05:30,2025-11-11 13:15:00+05:30,983.3292514557116,990.2189510534547,-1153.227266514623,LOSS,STOP LOSS
HDFCBANK_NS_1h.csv,LONG,2025-12-05 10:15:00+05:30,2025-12-05 15:15:00+05:30,999.3437687180499,1002.7983377990723,498.43136224466195,WIN,TIME EXIT
HDFCBANK_NS_1h.csv,LONG,2026-01-16 10:15:00+05:30,2026-01-16 15:15:00+05:30,931.3711830566971,930.0847127990723,-261.3430814501551,LOSS,TIME EXIT
HDFCBANK_NS_1h.csv,SHORT,2026-01-19 11:15:00+05:30,2026-01-19 15:15:00+05:30,927.5858183257146,926.1128494262693,205.01891721742587,WIN,TIME EXIT
HDFCBANK_NS_1h.csv,LONG,2026-01-27 10:15:00+05:30,2026-01-27 15:15:00+05:30,916.7156287165324,927.5360000000001,1476.6016069367809,WIN,TIME EXIT
HDFCBANK_NS_1h.csv,LONG,2026-02-13 10:15:00+05:30,2026-02-13 11:15:00+05:30,923.3364134106699,916.8790572041388,-1161.0881256522935,LOSS,STOP LOSS
HDFCBANK_NS_1h.csv,SHORT,2026-03-05 10:15:00+05:30,2026-03-05 14:15:00+05:30,873.4338732217293,879.5535904945374,-1151.6488063752518,LOSS,STOP LOSS
HDFCBANK_NS_1h.csv,LONG,2026-03-16 10:15:00+05:30,2026-03-16 14:15:00+05:30,823.4815316747862,843.2249232200625,2416.829474488013,WIN,TP2
HDFCBANK_NS_1h.csv,SHORT,2026-03-18 10:15:00+05:30,2026-03-18 13:15:00+05:30,838.8905357891913,844.7682250559562,-1166.672418226747,LOSS,STOP LOSS
HDFCBANK_NS_1h.csv,SHORT,2026-03-24 10:15:00+05:30,2026-03-24 12:15:00+05:30,756.5623232593667,761.863179637341,-1151.8597181102216,LOSS,STOP LOSS
HDFCBANK_NS_1h.csv,LONG,2026-04-01 10:15:00+05:30,2026-04-01 15:15:00+05:30,744.4405729427117,744.5275744018555,-25.638463345404425,LOSS,TIME EXIT
HINDUNILVR_NS_1h.csv,LONG,2025-04-04 11:15:00+05:30,2025-04-04 12:15:00+05:30,2247.396451279617,2231.679276897205,-1112.561712774737,LOSS,STOP LOSS
HINDUNILVR_NS_1h.csv,SHORT,2025-04-15 10:15:00+05:30,2025-04-15 12:15:00+05:30,2351.472894813619,2367.9484972972405,-1098.2272765474524,LOSS,STOP LOSS
HINDUNILVR_NS_1h.csv,LONG,2025-04-24 10:15:00+05:30,2025-04-24 11:15:00+05:30,2405.043990165517,2388.224307207808,-1086.5220910541093,LOSS,STOP LOSS
HINDUNILVR_NS_1h.csv,LONG,2025-04-30 10:15:00+05:30,2025-04-30 15:15:00+05:30,2329.0518964581056,2340.929047607422,873.3681253796287,WIN,TIME EXIT
HINDUNILVR_NS_1h.csv,SHORT,2025-05-13 10:15:00+05:30,2025-05-13 15:15:00+05:30,2369.518505740618,2361.18,481.6070031589387,WIN,TIME EXIT
HINDUNILVR_NS_1h.csv,LONG,2025-06-02 11:15:00+05:30,2025-06-02 15:15:00+05:30,2362.7227828867785,2369.5146011962893,384.1525680022928,WIN,TIME EXIT
HINDUNILVR_NS_1h.csv,SHORT,2025-06-03 10:15:00+05:30,2025-06-03 15:15:00+05:30,2359.904801303535,2357.8783011474607,85.9234047069151,WIN,TIME EXIT
HINDUNILVR_NS_1h.csv,LONG,2025-08-04 11:15:00+05:30,2025-08-04 15:15:00+05:30,2549.1838122784607,2542.4281011962894,-442.3370352973697,LOSS,TIME EXIT
HINDUNILVR_NS_1h.csv,SHORT,2025-08-05 11:15:00+05:30,2025-08-05 15:15:00+05:30,2536.0369630260084,2535.9673011474606,-39.63050093487368,LOSS,TIME EXIT
HINDUNILVR_NS_1h.csv,SHORT,2025-08-21 10:15:00+05:30,2025-08-21 12:15:00+05:30,2642.445622620398,2660.9599264675317,-1099.1071871818406,LOSS,STOP LOSS
HINDUNILVR_NS_1h.csv,SHORT,2025-08-28 10:15:00+05:30,2025-08-28 15:15:00+05:30,2671.617922751273,2655.7271022949217,938.9779781303075,WIN,TIME EXIT
HINDUNILVR_NS_1h.csv,SHORT,2025-08-29 10:15:00+05:30,2025-08-29 11:15:00+05:30,2660.061622716303,2678.6993531253893,-1087.4630820031966,LOSS,STOP LOSS
HINDUNILVR_NS_1h.csv,SHORT,2025-09-29 11:15:00+05:30,2025-09-29 15:15:00+05:30,2509.3547767334685,2499.1488522949217,558.4632973171288,WIN,TIME EXIT
HINDUNILVR_NS_1h.csv,SHORT,2025-12-03 10:15:00+05:30,2025-12-03 11:15:00+05:30,2468.241094317205,2485.5348335703343,-1081.3526574381187,LOSS,STOP LOSS
HINDUNILVR_NS_1h.csv,LONG,2025-12-15 11:15:00+05:30,2025-12-15 15:15:00+05:30,2276.67831506426,2292.35325,1015.7564651568496,WIN,TIME EXIT
HINDUNILVR_NS_1h.csv,LONG,2026-01-08 10:15:00+05:30,2026-01-08 14:15:00+05:30,2405.296812794054,2388.475361720471,-1086.6321033728077,LOSS,STOP LOSS
HINDUNILVR_NS_1h.csv,LONG,2026-01-12 10:15:00+05:30,2026-01-12 15:15:00+05:30,2380.448957201904,2404.9968511962893,1266.9856567675602,WIN,TIME EXIT
HINDUNILVR_NS_1h.csv,LONG,2026-01-19 11:15:00+05:30,2026-01-19 15:15:00+05:30,2376.609731630254,2411.993351196289,1637.2629292997835,WIN,TIME EXIT
HINDUNILVR_NS_1h.csv,LONG,2026-01-22 10:15:00+05:30,2026-01-22 12:15:00+05:30,2381.725866030436,2365.069258449612,-1109.8069959862637,LOSS,STOP LOSS
HINDUNILVR_NS_1h.csv,LONG,2026-01-30 11:15:00+05:30,2026-01-30 15:15:00+05:30,2358.492575599601,2371.8135,926.8146976726566,WIN,TIME EXIT
HINDUNILVR_NS_1h.csv,SHORT,2026-02-03 10:15:00+05:30,2026-02-03 11:15:00+05:30,2359.074300179867,2375.6031619349037,-1101.648117381452,LOSS,STOP LOSS
HINDUNILVR_NS_1h.csv,LONG,2026-02-04 10:15:00+05:30,2026-02-04 15:15:00+05:30,2371.9341486001567,2369.8145,-177.27031964737708,LOSS,TIME EXIT
HINDUNILVR_NS_1h.csv,LONG,2026-02-05 11:15:00+05:30,2026-02-05 13:15:00+05:30,2379.539633604105,2362.898315446856,-1092.1246087535071,LOSS,STOP LOSS
HINDUNILVR_NS_1h.csv,SHORT,2026-02-06 10:15:00+05:30,2026-02-06 11:15:00+05:30,2360.2671978774306,2376.804417674064,-1068.9916742386722,LOSS,STOP LOSS
HINDUNILVR_NS_1h.csv,LONG,2026-03-16 10:15:00+05:30,2026-03-16 15:15:00+05:30,2163.130925549509,2164.217398803711,523.7617706855252,WIN,TIME EXIT
HINDUNILVR_NS_1h.csv,LONG,2026-03-17 10:15:00+05:30,2026-03-17 11:15:00+05:30,2166.6084370207923,2151.4562538785294,-1074.0059293054678,LOSS,STOP LOSS
HINDUNILVR_NS_1h.csv,LONG,2026-03-24 10:15:00+05:30,2026-03-24 15:15:00+05:30,2069.5731220317375,2083.9575,998.6695018280469,WIN,TIME EXIT
ICICIBANK_NS_1h.csv,LONG,2025-05-07 10:15:00+05:30,2025-05-07 15:15:00+05:30,1429.6653878524085,1434.6823244018556,492.97443557306576,WIN,TIME EXIT
ICICIBANK_NS_1h.csv,SHORT,2025-05-27 10:15:00+05:30,2025-05-27 11:15:00+05:30,1452.4296403045973,1462.6060933021492,-1122.5799238877526,LOSS,STOP LOSS
ICICIBANK_NS_1h.csv,SHORT,2025-06-03 10:15:00+05:30,2025-06-03 15:15:00+05:30,1442.393504400471,1437.7185,447.10145098697103,WIN,TIME EXIT
ICICIBANK_NS_1h.csv,LONG,2025-06-26 10:15:00+05:30,2025-06-26 15:15:00+05:30,1425.8063717850455,1438.3804255981447,1199.0526982615238,WIN,TIME EXIT
ICICIBANK_NS_1h.csv,SHORT,2025-07-02 10:15:00+05:30,2025-07-02 15:15:00+05:30,1435.7866680927966,1428.513948852539,929.7947524955737,WIN,TIME EXIT
ICICIBANK_NS_1h.csv,SHORT,2025-08-22 11:15:00+05:30,2025-08-22 15:15:00+05:30,1437.6212242970062,1436.6179744262695,65.43945192998667,WIN,TIME EXIT
ICICIBANK_NS_1h.csv,LONG,2025-11-25 10:15:00+05:30,2025-11-25 13:15:00+05:30,1370.275153954849,1360.692130214497,-1136.3426789712414,LOSS,STOP LOSS
ICICIBANK_NS_1h.csv,SHORT,2026-01-14 11:15:00+05:30,2026-01-14 15:15:00+05:30,1425.8334359725015,1419.1092244262695,682.383252087108,WIN,TIME EXIT
ICICIBANK_NS_1h.csv,SHORT,2026-01-19 11:15:00+05:30,2026-01-19 15:15:00+05:30,1393.055442645957,1377.888551147461,1390.2344855402382,WIN,TIME EXIT
ICICIBANK_NS_1h.csv,SHORT,2026-01-27 11:15:00+05:30,2026-01-27 12:15:00+05:30,1344.2110427342395,1353.629261776028,-1145.8909934799449,LOSS,STOP LOSS
ICICIBANK_NS_1h.csv,SHORT,2026-03-18 10:15:00+05:30,2026-03-18 11:15:00+05:30,1280.3863872447712,1289.357418630339,-1138.3983691660956,LOSS,STOP LOSS
ICICIBANK_NS_1h.csv,LONG,2026-03-20 10:15:00+05:30,2026-03-20 12:15:00+05:30,1268.8597600781243,1259.9859852242846,-1126.4434894233748,LOSS,STOP LOSS
ICICIBANK_NS_1h.csv,LONG,2026-03-24 10:15:00+05:30,2026-03-24 11:15:00+05:30,1233.4839830616327,1224.8576088192717,-1113.467464640098,LOSS,STOP LOSS
INFY_NS_1h.csv,SHORT,2025-04-16 11:15:00+05:30,2025-04-16 15:15:00+05:30,1417.074000015093,1414.2067499999998,683.851322824471,WIN,TIME EXIT
INFY_NS_1h.csv,LONG,2025-04-25 10:15:00+05:30,2025-04-25 15:15:00+05:30,1474.7922334487434,1479.26,765.7610929758821,WIN,TIME EXIT
INFY_NS_1h.csv,SHORT,2025-04-28 11:15:00+05:30,2025-04-28 15:15:00+05:30,1477.7153375865682,1482.24075,-519.059185379078,LOSS,TIME EXIT
INFY_NS_1h.csv,LONG,2025-05-02 11:15:00+05:30,2025-05-02 15:15:00+05:30,1502.0126531483195,1501.249,-122.5219904519047,LOSS,TIME EXIT
INFY_NS_1h.csv,SHORT,2025-05-09 11:15:00+05:30,2025-05-09 15:15:00+05:30,1505.6280052522527,1507.7534999999998,-260.64523569520395,LOSS,TIME EXIT
INFY_NS_1h.csv,SHORT,2025-05-15 10:15:00+05:30,2025-05-15 12:15:00+05:30,1582.1491956305667,1593.2345291143092,-1119.1409416561235,LOSS,STOP LOSS
INFY_NS_1h.csv,SHORT,2025-05-27 10:15:00+05:30,2025-05-27 15:15:00+05:30,1572.5454312712734,1570.9850511474608,107.54723326078889,WIN,TIME EXIT
INFY_NS_1h.csv,SHORT,2025-06-03 10:15:00+05:30,2025-06-03 15:15:00+05:30,1553.0714366727655,1543.7714999999998,981.3696816656535,WIN,TIME EXIT
INFY_NS_1h.csv,SHORT,2025-06-20 10:15:00+05:30,2025-06-20 15:15:00+05:30,1618.798809971726,1623.7114744262694,-510.5594379333803,LOSS,TIME EXIT
INFY_NS_1h.csv,SHORT,2025-07-01 10:15:00+05:30,2025-07-01 15:15:00+05:30,1604.6884097808227,1607.603448852539,-320.7467700040794,LOSS,TIME EXIT
INFY_NS_1h.csv,LONG,2025-07-02 10:15:00+05:30,2025-07-02 15:15:00+05:30,1613.2994481595222,1608.7951755981446,-471.7267818729126,LOSS,TIME EXIT
INFY_NS_1h.csv,SHORT,2025-07-31 11:15:00+05:30,2025-07-31 13:15:00+05:30,1510.0984557456966,1520.6789654861536,-1112.4711981740143,LOSS,STOP LOSS
INFY_NS_1h.csv,LONG,2025-08-12 10:15:00+05:30,2025-08-12 15:15:00+05:30,1429.9440629162157,1425.087148803711,-553.7168355786014,LOSS,TIME EXIT
INFY_NS_1h.csv,SHORT,2025-08-22 10:15:00+05:30,2025-08-22 15:15:00+05:30,1492.096043281207,1488.6439744262696,301.4852755576695,WIN,TIME EXIT
INFY_NS_1h.csv,LONG,2025-08-26 11:15:00+05:30,2025-08-26 15:15:00+05:30,1526.0905176861343,1527.73575,117.48981417134745,WIN,TIME EXIT
INFY_NS_1h.csv,SHORT,2025-09-23 11:15:00+05:30,2025-09-23 15:15:00+05:30,1503.7275401578497,1501.3502755737304,193.9730827229959,WIN,TIME EXIT
INFY_NS_1h.csv,SHORT,2025-10-01 11:15:00+05:30,2025-10-01 15:15:00+05:30,1441.3919085742862,1446.522948852539,-577.3891486053119,LOSS,TIME EXIT
INFY_NS_1h.csv,SHORT,2025-10-14 10:15:00+05:30,2025-10-14 14:15:00+05:30,1493.3521322869824,1503.8153088576732,-1090.077195341229,LOSS,STOP LOSS
INFY_NS_1h.csv,SHORT,2025-11-13 10:15:00+05:30,2025-11-13 13:15:00+05:30,1543.9861751635435,1554.804119320292,-1082.2541689342324,LOSS,STOP LOSS
INFY_NS_1h.csv,LONG,2025-12-03 10:15:00+05:30,2025-12-03 15:15:00+05:30,1566.4109150587678,1574.8121755981447,887.0201289697918,WIN,TIME EXIT
INFY_NS_1h.csv,SHORT,2025-12-23 10:15:00+05:30,2025-12-23 15:15:00+05:30,1669.9282197876869,1665.33225,360.78161036645196,WIN,TIME EXIT
INFY_NS_1h.csv,SHORT,2025-12-29 10:15:00+05:30,2025-12-29 15:15:00+05:30,1655.4839781520618,1645.522301147461,947.9676250355411,WIN,TIME EXIT
INFY_NS_1h.csv,SHORT,2026-01-08 11:15:00+05:30,2026-01-08 15:15:00+05:30,1627.137595723299,1614.106698852539,1115.1319749859567,WIN,TIME EXIT
INFY_NS_1h.csv,LONG,2026-01-14 10:15:00+05:30,2026-01-14 13:15:00+05:30,1597.9020269505368,1586.727093934472,-1105.387113374257,LOSS,STOP LOSS
INFY_NS_1h.csv,SHORT,2026-02-09 10:15:00+05:30,2026-02-09 15:15:00+05:30,1506.808432918463,1497.7485,960.5902077541527,WIN,TIME EXIT
INFY_NS_1h.csv,LONG,2026-02-19 11:15:00+05:30,2026-02-19 14:15:00+05:30,1382.2395379455147,1372.5728412468595,-1097.410201145813,LOSS,STOP LOSS
INFY_NS_1h.csv,LONG,2026-02-26 10:15:00+05:30,2026-02-26 12:15:00+05:30,1298.6768696621994,1289.5945687556264,-1088.1721886410653,LOSS,STOP LOSS
INFY_NS_1h.csv,SHORT,2026-03-17 10:15:00+05:30,2026-03-17 15:15:00+05:30,1240.2239130123326,1234.617,838.7561455434493,WIN,TIME EXIT
INFY_NS_1h.csv,LONG,2026-03-23 10:15:00+05:30,2026-03-23 15:15:00+05:30,1247.3495003333423,1256.171648803711,1033.7138381421355,WIN,TIME EXIT
ITC_NS_1h.csv,LONG,2025-04-04 10:15:00+05:30,2025-04-04 15:15:00+05:30,409.5480740709775,409.49516220092784,-63.68096841426512,LOSS,TIME EXIT
ITC_NS_1h.csv,LONG,2025-04-16 10:15:00+05:30,2025-04-16 15:15:00+05:30,421.34809004168767,424.2377872009278,1057.7725570271027,WIN,TIME EXIT
ITC_NS_1h.csv,LONG,2025-05-02 11:15:00+05:30,2025-05-02 12:15:00+05:30,427.5843923024808,424.59407946595866,-1129.336750928694,LOSS,STOP LOSS
ITC_NS_1h.csv,SHORT,2025-05-13 10:15:00+05:30,2025-05-13 15:15:00+05:30,431.9093376771632,428.01388778686527,1221.823280512761,WIN,TIME EXIT
ITC_NS_1h.csv,SHORT,2025-05-27 10:15:00+05:30,2025-05-27 11:15:00+05:30,439.266648993587,442.3443721980913,-1130.3399802746694,LOSS,STOP LOSS
ITC_NS_1h.csv,SHORT,2025-11-14 10:15:00+05:30,2025-11-14 14:15:00+05:30,405.69560814146325,408.53811573907666,-1118.3285570916014,LOSS,STOP LOSS
ITC_NS_1h.csv,SHORT,2025-12-01 10:15:00+05:30,2025-12-01 15:15:00+05:30,403.17380939020137,404.45212499999997,-524.4485192592723,LOSS,TIME EXIT
ITC_NS_1h.csv,SHORT,2026-01-16 10:15:00+05:30,2026-01-16 15:15:00+05:30,334.1520782955286,329.11448721313474,1659.5524330698695,WIN,TIME EXIT
ITC_NS_1h.csv,LONG,2026-01-30 10:15:00+05:30,2026-01-30 15:15:00+05:30,320.3652149514608,321.98891889953615,920.2674558126416,WIN,TIME EXIT
ITC_NS_1h.csv,SHORT,2026-02-25 10:15:00+05:30,2026-02-25 15:15:00+05:30,323.2728586079323,319.35961221313477,1474.1016536163222,WIN,TIME EXIT
ITC_NS_1h.csv,SHORT,2026-03-10 10:15:00+05:30,2026-03-10 12:15:00+05:30,305.8216656341162,307.9644061287992,-1145.3259568858373,LOSS,STOP LOSS
ITC_NS_1h.csv,LONG,2026-03-16 10:15:00+05:30,2026-03-16 15:15:00+05:30,303.4883723138086,307.1463377990723,1477.049992637304,WIN,TIME EXIT
KOTAKBANK_NS_1h.csv,SHORT,2025-04-04 10:15:00+05:30,2025-04-04 15:15:00+05:30,426.47317674878224,426.60317912292476,-90.64028330341378,LOSS,TIME EXIT
KOTAKBANK_NS_1h.csv,LONG,2025-04-16 10:15:00+05:30,2025-04-16 15:15:00+05:30,423.75130625580016,424.46765267944346,215.47597310212618,WIN,TIME EXIT
KOTAKBANK_NS_1h.csv,SHORT,2025-04-17 10:15:00+05:30,2025-04-17 11:15:00+05:30,424.10614208834096,427.07764315191736,-1122.530615689836,LOSS,STOP LOSS
KOTAKBANK_NS_1h.csv,LONG,2025-04-29 10:15:00+05:30,2025-04-29 14:15:00+05:30,444.6222066901057,441.5127398433185,-1107.2125955268828,LOSS,STOP LOSS
KOTAKBANK_NS_1h.csv,LONG,2025-04-30 11:15:00+05:30,2025-04-30 15:15:00+05:30,443.6461173207874,440.54347675817525,-1095.5287566910547,LOSS,STOP LOSS
KOTAKBANK_NS_1h.csv,LONG,2025-05-02 10:15:00+05:30,2025-05-02 11:15:00+05:30,442.20328557395226,439.11073545984846,-1082.78536851674,LOSS,STOP LOSS
KOTAKBANK_NS_1h.csv,SHORT,2025-05-15 10:15:00+05:30,2025-05-15 13:15:00+05:30,418.1595440020784,421.0893802068273,-13.27307708522801,LOSS,SL_after_TP1
KOTAKBANK_NS_1h.csv,SHORT,2025-05-27 11:15:00+05:30,2025-05-27 15:15:00+05:30,416.9720876150181,415.4076122131348,779.4206947284241,WIN,TIME EXIT
KOTAKBANK_NS_1h.csv,SHORT,2025-06-02 11:15:00+05:30,2025-06-02 15:15:00+05:30,413.5110068069309,412.9263917541504,165.59649768920642,WIN,TIME EXIT
KOTAKBANK_NS_1h.csv,SHORT,2025-06-03 10:15:00+05:30,2025-06-03 15:15:00+05:30,411.55563259795775,409.1044438934326,953.2468953729015,WIN,TIME EXIT
KOTAKBANK_NS_1h.csv,LONG,2025-07-01 10:15:00+05:30,2025-07-01 15:15:00+05:30,435.6856303199499,436.18179389953616,126.92910795013957,WIN,TIME EXIT
KOTAKBANK_NS_1h.csv,LONG,2025-07-15 11:15:00+05:30,2025-07-15 12:15:00+05:30,443.1552447164066,440.0560370729477,-1094.3608660467783,LOSS,STOP LOSS
KOTAKBANK_NS_1h.csv,LONG,2025-07-21 10:15:00+05:30,2025-07-21 15:15:00+05:30,430.58321031074263,432.6835438995362,680.88319256764,WIN,TIME EXIT
KOTAKBANK_NS_1h.csv,SHORT,2025-07-22 10:15:00+05:30,2025-07-22 15:15:00+05:30,431.1207615727363,432.2559980163574,-437.67686671932216,LOSS,TIME EXIT
KOTAKBANK_NS_1h.csv,LONG,2025-08-06 10:15:00+05:30,2025-08-06 15:15:00+05:30,400.9731934090917,400.279770980835,-300.97231575909194,LOSS,TIME EXIT
KOTAKBANK_NS_1h.csv,LONG,2025-08-12 10:15:00+05:30,2025-08-12 14:15:00+05:30,394.40537984553373,391.6471045404071,-1080.792997510293,LOSS,STOP LOSS
KOTAKBANK_NS_1h.csv,SHORT,2025-10-09 10:15:00+05:30,2025-10-09 11:15:00+05:30,424.16249783058976,427.13439375085744,-1071.9707009185636,LOSS,STOP LOSS
KOTAKBANK_NS_1h.csv,SHORT,2025-11-13 11:15:00+05:30,2025-11-13 15:15:00+05:30,415.9710703838282,415.2474980163574,208.9037218271194,WIN,TIME EXIT
KOTAKBANK_NS_1h.csv,LONG,2025-12-05 10:15:00+05:30,2025-12-05 15:15:00+05:30,427.8903972099921,430.9844122009278,1023.6307452733203,WIN,TIME EXIT
KOTAKBANK_NS_1h.csv,LONG,2025-12-10 11:15:00+05:30,2025-12-10 15:15:00+05:30,427.3242130373344,425.68704389953615,-606.847091980135,LOSS,TIME EXIT
KOTAKBANK_NS_1h.csv,LONG,2026-01-05 10:15:00+05:30,2026-01-05 11:15:00+05:30,441.1425266751587,438.0573949818593,-1064.8035154255724,LOSS,STOP LOSS
KOTAKBANK_NS_1h.csv,SHORT,2026-01-14 10:15:00+05:30,2026-01-14 15:15:00+05:30,425.0279631181422,420.51013778686524,1263.1037381845065,WIN,TIME EXIT
KOTAKBANK_NS_1h.csv,LONG,2026-01-16 10:15:00+05:30,2026-01-16 11:15:00+05:30,423.98753008008765,421.0223719112018,-1066.6108862233573,LOSS,STOP LOSS
KOTAKBANK_NS_1h.csv,LONG,2026-01-19 11:15:00+05:30,2026-01-19 15:15:00+05:30,422.7418262498351,427.28625,1271.1448189748758,WIN,TIME EXIT
KOTAKBANK_NS_1h.csv,LONG,2026-01-22 10:15:00+05:30,2026-01-22 15:15:00+05:30,423.190899221712,426.78650000000005,1127.007299953801,WIN,TIME EXIT
KOTAKBANK_NS_1h.csv,SHORT,2026-02-04 11:15:00+05:30,2026-02-04 15:15:00+05:30,414.4114436912936,412.55618110656735,842.4742040445096,WIN,TIME EXIT
KOTAKBANK_NS_1h.csv,SHORT,2026-02-17 10:15:00+05:30,2026-02-17 15:15:00+05:30,422.6089229211014,424.6622372131348,-770.6315201791618,LOSS,TIME EXIT
KOTAKBANK_NS_1h.csv,SHORT,2026-03-10 10:15:00+05:30,2026-03-10 13:15:00+05:30,391.2103830738415,393.9513998949181,-1082.57806470203,LOSS,STOP LOSS
KOTAKBANK_NS_1h.csv,LONG,2026-03-17 11:15:00+05:30,2026-03-17 15:15:00+05:30,370.1101596233664,374.0129122009278,1278.5722713454907,WIN,TIME EXIT
KOTAKBANK_NS_1h.csv,SHORT,2026-03-20 10:15:00+05:30,2026-03-20 11:15:00+05:30,369.4832922760147,372.07207816476796,-1087.02933935507,LOSS,STOP LOSS
KOTAKBANK_NS_1h.csv,LONG,2026-03-25 11:15:00+05:30,2026-03-25 12:15:00+05:30,369.6215867056891,367.0366369383931,-1072.4620219213434,LOSS,STOP LOSS
LT_NS_1h.csv,LONG,2025-04-11 10:15:00+05:30,2025-04-11 15:15:00+05:30,3107.8932137158904,3118.44,775.9227977939672,WIN,TIME EXIT
LT_NS_1h.csv,LONG,2025-04-23 10:15:00+05:30,2025-04-23 15:15:00+05:30,3271.4091143449255,3294.3520000000003,1068.0565879581827,WIN,TIME EXIT
LT_NS_1h.csv,LONG,2025-05-02 10:15:00+05:30,2025-05-02 15:15:00+05:30,3345.667133201648,3322.269199237619,-1120.1255719244623,LOSS,STOP LOSS
LT_NS_1h.csv,SHORT,2025-05-06 10:15:00+05:30,2025-05-06 12:15:00+05:30,3323.895625972446,3347.1845114838866,-1115.137995714476,LOSS,STOP LOSS
LT_NS_1h.csv,SHORT,2025-05-07 10:15:00+05:30,2025-05-07 15:15:00+05:30,3323.2114129642346,3327.663,-248.59981609521034,LOSS,TIME EXIT
LT_NS_1h.csv,SHORT,2025-05-15 10:15:00+05:30,2025-05-15 12:15:00+05:30,3571.3903662508224,3596.4133244647833,-1094.7404789770467,LOSS,STOP LOSS
LT_NS_1h.csv,LONG,2025-05-21 11:15:00+05:30,2025-05-21 15:15:00+05:30,3591.9292490864696,3585.2065000000002,-326.1199284567115,LOSS,TIME EXIT
LT_NS_1h.csv,SHORT,2025-05-27 10:15:00+05:30,2025-05-27 11:15:00+05:30,3627.3910503171774,3652.806377506143,-1085.7725412845261,LOSS,STOP LOSS
LT_NS_1h.csv,SHORT,2025-05-28 10:15:00+05:30,2025-05-28 13:15:00+05:30,3632.1363939179096,3657.5849693722434,-1087.1406182212954,LOSS,STOP LOSS
LT_NS_1h.csv,SHORT,2025-06-03 10:15:00+05:30,2025-06-03 15:15:00+05:30,3658.3093230103104,3645.2216022949215,764.0690130164257,WIN,TIME EXIT
LT_NS_1h.csv,SHORT,2025-06-12 10:15:00+05:30,2025-06-12 15:15:00+05:30,3674.190891429299,3605.7018522949215,1874.6510162450732,WIN,TIME EXIT
LT_NS_1h.csv,SHORT,2025-07-15 10:15:00+05:30,2025-07-15 15:15:00+05:30,3508.9635204161104,3501.0496988525388,296.5306988073155,WIN,TIME EXIT
LT_NS_1h.csv,LONG,2025-08-29 10:15:00+05:30,2025-08-29 15:15:00+05:30,3575.156368441471,3599.1995,1021.1126495972396,WIN,TIME EXIT
LT_NS_1h.csv,SHORT,2025-09-01 10:15:00+05:30,2025-09-01 15:15:00+05:30,3590.4753528272727,3600.199102294922,-452.1776866986766,LOSS,TIME EXIT
LT_NS_1h.csv,LONG,2025-09-24 11:15:00+05:30,2025-09-24 15:15:00+05:30,3668.1003839504524,3671.963148803711,583.6143702529492,WIN,TIME EXIT
LT_NS_1h.csv,SHORT,2025-09-29 11:15:00+05:30,2025-09-29 15:15:00+05:30,3713.8732302099625,3702.8505,742.5426636862669,WIN,TIME EXIT
LT_NS_1h.csv,LONG,2025-10-08 10:15:00+05:30,2025-10-08 15:15:00+05:30,3740.023240993101,3726.1360000000004,-613.1961701171196,LOSS,TIME EXIT
LT_NS_1h.csv,LONG,2025-10-28 10:15:00+05:30,2025-10-28 15:15:00+05:30,3929.3872650776048,3983.607297607422,1597.16005756993,WIN,TIME EXIT
LT_NS_1h.csv,SHORT,2025-12-08 10:15:00+05:30,2025-12-08 15:15:00+05:30,4015.245504792693,4001.399602294922,790.2456184551563,WIN,TIME EXIT
LT_NS_1h.csv,LONG,2026-01-06 10:15:00+05:30,2026-01-06 15:15:00+05:30,4161.299734331434,4132.197671121922,-1120.5986215977123,LOSS,STOP LOSS
LT_NS_1h.csv,LONG,2026-01-16 10:15:00+05:30,2026-01-16 12:15:00+05:30,3889.5585243980013,3862.3568842228765,-1131.9279638892147,LOSS,STOP LOSS
LT_NS_1h.csv,LONG,2026-01-27 10:15:00+05:30,2026-01-27 15:15:00+05:30,3761.3306254161494,3785.906148803711,1008.8956134328864,WIN,TIME EXIT
LT_NS_1h.csv,SHORT,2026-02-05 11:15:00+05:30,2026-02-05 15:15:00+05:30,4060.87464560653,4062.0299999999997,-87.7623954518478,LOSS,TIME EXIT
LT_NS_1h.csv,SHORT,2026-02-11 10:15:00+05:30,2026-02-11 12:15:00+05:30,4148.2379228685795,4177.302565363675,-1119.2557771914965,LOSS,STOP LOSS
LT_NS_1h.csv,SHORT,2026-02-13 10:15:00+05:30,2026-02-13 15:15:00+05:30,4172.915682910799,4174.085999999999,-85.88809261122088,LOSS,TIME EXIT
LT_NS_1h.csv,LONG,2026-02-16 10:15:00+05:30,2026-02-16 15:15:00+05:30,4178.290967197703,4198.3997500000005,680.1376211077048,WIN,TIME EXIT
LT_NS_1h.csv,SHORT,2026-02-24 10:15:00+05:30,2026-02-24 12:15:00+05:30,4387.7222563649975,4282.30936924047,2411.019651083848,WIN,TP2
LT_NS_1h.csv,LONG,2026-02-25 11:15:00+05:30,2026-02-25 12:15:00+05:30,4321.455701270585,4291.233586786038,-1131.8582316718027,LOSS,STOP LOSS
LT_NS_1h.csv,SHORT,2026-03-06 10:15:00+05:30,2026-03-06 15:15:00+05:30,3972.475485814929,3950.274198852539,821.9986741893282,WIN,TIME EXIT
LT_NS_1h.csv,LONG,2026-03-17 10:15:00+05:30,2026-03-17 12:15:00+05:30,3480.209092150329,3455.870238559349,-1139.1362656124727,LOSS,STOP LOSS
LT_NS_1h.csv,LONG,2026-03-20 10:15:00+05:30,2026-03-20 11:15:00+05:30,3480.6168885217007,3456.2751830054726,-1114.8369454153426,LOSS,STOP LOSS
MARUTI_NS_1h.csv,SHORT,2025-04-17 11:15:00+05:30,2025-04-17 15:15:00+05:30,11658.756091734956,11700.8475,-590.9910828830637,LOSS,TIME EXIT
MARUTI_NS_1h.csv,SHORT,2025-04-22 11:15:00+05:30,2025-04-22 15:15:00+05:30,11687.05398180172,11753.874,-912.4802456276307,LOSS,TIME EXIT
MARUTI_NS_1h.csv,SHORT,2025-04-25 11:15:00+05:30,2025-04-25 15:15:00+05:30,11858.316429773735,11660.8275,1671.22421746499,WIN,TIME EXIT
MARUTI_NS_1h.csv,SHORT,2025-04-29 10:15:00+05:30,2025-04-29 13:15:00+05:30,11803.918466931435,11886.622660051913,-1119.0176629307377,LOSS,STOP LOSS
MARUTI_NS_1h.csv,LONG,2025-04-30 11:15:00+05:30,2025-04-30 12:15:00+05:30,11911.386624545263,12196.968220403613,2200.998424287711,WIN,TP2
MARUTI_NS_1h.csv,LONG,2025-05-07 10:15:00+05:30,2025-05-07 15:15:00+05:30,12543.417311245095,12626.683500000001,1017.2512176460249,WIN,TIME EXIT
MARUTI_NS_1h.csv,LONG,2025-05-29 10:15:00+05:30,2025-05-29 15:15:00+05:30,12368.564965324811,12385.804,163.1526749022684,WIN,TIME EXIT
MARUTI_NS_1h.csv,SHORT,2025-06-03 10:15:00+05:30,2025-06-03 15:15:00+05:30,12235.851588948894,12144.069,1054.9984611063505,WIN,TIME EXIT
MARUTI_NS_1h.csv,SHORT,2025-06-05 11:15:00+05:30,2025-06-05 15:15:00+05:30,12141.233595307676,12132.063,75.27481852479053,WIN,TIME EXIT
MARUTI_NS_1h.csv,LONG,2025-06-24 10:15:00+05:30,2025-06-24 13:15:00+05:30,12748.155084398772,12659.00082040523,-1113.6488681686192,LOSS,STOP LOSS
MARUTI_NS_1h.csv,SHORT,2025-06-27 11:15:00+05:30,2025-06-27 15:15:00+05:30,12697.9534597672,12673.333499999999,251.63751715640325,WIN,TIME EXIT
MARUTI_NS_1h.csv,LONG,2025-07-02 11:15:00+05:30,2025-07-02 15:15:00+05:30,12483.444155836074,12615.689,1308.2582127825515,WIN,TIME EXIT
MARUTI_NS_1h.csv,LONG,2025-07-28 10:15:00+05:30,2025-07-28 12:15:00+05:30,12461.023050034906,12373.876844856402,-1089.4666251955025,LOSS,STOP LOSS
MARUTI_NS_1h.csv,SHORT,2025-08-01 10:15:00+05:30,2025-08-01 15:15:00+05:30,12522.613049439484,12302.148,1840.806024714473,WIN,TIME EXIT
MARUTI_NS_1h.csv,SHORT,2025-08-04 11:15:00+05:30,2025-08-04 15:15:00+05:30,12357.046085006767,12362.178,-110.73260276203283,LOSS,TIME EXIT
MARUTI_NS_1h.csv,SHORT,2025-09-04 10:15:00+05:30,2025-09-04 15:15:00+05:30,14857.790340404414,14669.330999999998,1453.5640710308073,WIN,TIME EXIT
MARUTI_NS_1h.csv,LONG,2025-09-05 11:15:00+05:30,2025-09-05 15:15:00+05:30,14798.800135534208,14887.552500000002,1039.7397915515066,WIN,TIME EXIT
MARUTI_NS_1h.csv,SHORT,2025-09-25 11:15:00+05:30,2025-09-25 13:15:00+05:30,16174.353999306,16287.679663195084,-1177.3285588066333,LOSS,STOP LOSS
MARUTI_NS_1h.csv,SHORT,2025-10-03 11:15:00+05:30,2025-10-03 15:15:00+05:30,15899.222297780378,15817.904999999999,959.2827109997156,WIN,TIME EXIT
MARUTI_NS_1h.csv,LONG,2025-10-31 11:15:00+05:30,2025-10-31 14:15:00+05:30,16296.773824584345,16182.80228390407,-1183.7611073737282,LOSS,STOP LOSS
MARUTI_NS_1h.csv,LONG,2025-12-01 10:15:00+05:30,2025-12-01 15:15:00+05:30,15951.919912573985,16088.951500000001,1238.5360719396172,WIN,TIME EXIT
MARUTI_NS_1h.csv,LONG,2026-01-19 10:15:00+05:30,2026-01-19 11:15:00+05:30,16023.052357752747,15910.995089039909,-1164.5504359006477,LOSS,STOP LOSS
MARUTI_NS_1h.csv,SHORT,2026-01-20 10:15:00+05:30,2026-01-20 15:15:00+05:30,16084.815433266545,15886.939499999999,1549.4758628400723,WIN,TIME EXIT
MARUTI_NS_1h.csv,SHORT,2026-02-05 10:15:00+05:30,2026-02-05 12:15:00+05:30,14970.287709229817,15075.177078742308,-1197.9287383340618,LOSS,STOP LOSS
MARUTI_NS_1h.csv,SHORT,2026-02-09 10:15:00+05:30,2026-02-09 15:15:00+05:30,14993.314042446082,14987.49,14.493551960818756,WIN,TIME EXIT
MARUTI_NS_1h.csv,SHORT,2026-03-05 10:15:00+05:30,2026-03-05 12:15:00+05:30,14166.675574582805,14265.934433060846,-1135.7705752275378,LOSS,STOP LOSS
MARUTI_NS_1h.csv,SHORT,2026-03-10 10:15:00+05:30,2026-03-10 13:15:00+05:30,13655.81585264762,13751.495370822797,-1096.2563611539208,LOSS,STOP LOSS
MARUTI_NS_1h.csv,SHORT,2026-03-11 10:15:00+05:30,2026-03-11 15:15:00+05:30,13729.602970703449,13503.7485,1821.1667246267402,WIN,TIME EXIT
MARUTI_NS_1h.csv,SHORT,2026-03-16 11:15:00+05:30,2026-03-16 14:15:00+05:30,12687.348857889232,12776.242808916542,-1110.5602851703989,LOSS,STOP LOSS
MARUTI_NS_1h.csv,LONG,2026-03-17 11:15:00+05:30,2026-03-17 15:15:00+05:30,12789.751410428406,12965.514000000001,1583.9530325694104,WIN,TIME EXIT
MARUTI_NS_1h.csv,SHORT,2026-03-24 10:15:00+05:30,2026-03-24 12:15:00+05:30,12411.447547351592,12498.408394949494,-1174.5530015010859,LOSS,STOP LOSS
RELIANCE_NS_1h.csv,SHORT,2025-04-08 10:15:00+05:30,2025-04-08 11:15:00+05:30,1172.1159587857403,1180.328393062255,-1119.6944657106933,LOSS,STOP LOSS
RELIANCE_NS_1h.csv,LONG,2025-04-09 10:15:00+05:30,2025-04-09 15:15:00+05:30,1182.1509714161916,1186.956273803711,571.2804455262991,WIN,TIME EXIT
RELIANCE_NS_1h.csv,SHORT,2025-04-17 10:15:00+05:30,2025-04-17 11:15:00+05:30,1235.418322184962,1244.074284676469,-1108.5089148807285,LOSS,STOP LOSS
RELIANCE_NS_1h.csv,SHORT,2025-04-25 10:15:00+05:30,2025-04-25 13:15:00+05:30,1297.75508719816,1306.8478124364276,-1098.5459862951045,LOSS,STOP LOSS
RELIANCE_NS_1h.csv,LONG,2025-05-23 10:15:00+05:30,2025-05-23 15:15:00+05:30,1418.0111937332401,1425.287,891.1372895254513,WIN,TIME EXIT
RELIANCE_NS_1h.csv,SHORT,2025-06-17 11:15:00+05:30,2025-06-17 15:15:00+05:30,1432.1978401749632,1430.715,111.94259149614206,WIN,TIME EXIT
RELIANCE_NS_1h.csv,LONG,2025-06-18 10:15:00+05:30,2025-06-18 15:15:00+05:30,1433.4445445739939,1429.085148803711,-501.4879043953084,LOSS,TIME EXIT
RELIANCE_NS_1h.csv,SHORT,2025-06-23 10:15:00+05:30,2025-06-23 13:15:00+05:30,1450.3754407329734,1460.5375009745471,-1090.4530889471032,LOSS,STOP LOSS
RELIANCE_NS_1h.csv,LONG,2025-07-28 10:15:00+05:30,2025-07-28 14:15:00+05:30,1398.8849948454115,1389.101888089856,-1080.690436092325,LOSS,STOP LOSS
RELIANCE_NS_1h.csv,LONG,2025-07-29 10:15:00+05:30,2025-07-29 15:15:00+05:30,1394.0791476652005,1416.3914255981447,1678.1682762718756,WIN,TIME EXIT
RELIANCE_NS_1h.csv,LONG,2025-08-01 10:15:00+05:30,2025-08-01 15:15:00+05:30,1398.7820721390647,1393.4029255981445,-619.2960327044307,LOSS,TIME EXIT
RELIANCE_NS_1h.csv,SHORT,2025-08-08 10:15:00+05:30,2025-08-08 15:15:00+05:30,1382.008927390635,1366.883051147461,1319.7302197395188,WIN,TIME EXIT
RELIANCE_NS_1h.csv,SHORT,2025-08-29 10:15:00+05:30,2025-08-29 14:15:00+05:30,1385.74365478149,1352.4518393633402,2313.3540839942452,WIN,TP2
RELIANCE_NS_1h.csv,LONG,2025-11-21 11:15:00+05:30,2025-11-21 15:15:00+05:30,1544.485060944626,1542.9281011962892,-197.95776213580345,LOSS,TIME EXIT
RELIANCE_NS_1h.csv,LONG,2026-01-05 11:15:00+05:30,2026-01-05 13:15:00+05:30,1591.1835196049137,1580.0555724917951,-1112.075056233364,LOSS,STOP LOSS
RELIANCE_NS_1h.csv,SHORT,2026-01-19 11:15:00+05:30,2026-01-19 12:15:00+05:30,1438.7323411448044,1404.1674983816831,2347.3696629188125,WIN,TP2
RELIANCE_NS_1h.csv,SHORT,2026-01-29 10:15:00+05:30,2026-01-29 15:15:00+05:30,1393.2074492587772,1389.2942755737304,390.50698742547615,WIN,TIME EXIT
RELIANCE_NS_1h.csv,SHORT,2026-02-05 10:15:00+05:30,2026-02-05 15:15:00+05:30,1448.1713332992479,1442.6209744262694,550.0293883021038,WIN,TIME EXIT
RELIANCE_NS_1h.csv,SHORT,2026-02-27 11:15:00+05:30,2026-02-27 15:15:00+05:30,1404.2286921534167,1395.497448852539,1023.5980067685335,WIN,TIME EXIT
RELIANCE_NS_1h.csv,LONG,2026-03-19 10:15:00+05:30,2026-03-19 12:15:00+05:30,1406.3622611989854,1396.5268621568973,-1155.3452801415435,LOSS,STOP LOSS
SBIN_NS_1h.csv,SHORT,2025-04-04 10:15:00+05:30,2025-04-04 15:15:00+05:30,777.6327411815251,768.88425,1392.6198572461624,WIN,TIME EXIT
SBIN_NS_1h.csv,SHORT,2025-04-11 10:15:00+05:30,2025-04-11 13:15:00+05:30,751.0222116242536,756.284251192042,-1133.155961532119,LOSS,STOP LOSS
SBIN_NS_1h.csv,LONG,2025-04-16 10:15:00+05:30,2025-04-16 15:15:00+05:30,764.4413645679163,772.3636250000001,1327.1753507045605,WIN,TIME EXIT
SBIN_NS_1h.csv,LONG,2025-04-17 10:15:00+05:30,2025-04-17 12:15:00+05:30,769.8730628115958,788.331163855267,2420.1534266125113,WIN,TP2
SBIN_NS_1h.csv,SHORT,2025-04-23 10:15:00+05:30,2025-04-23 15:15:00+05:30,820.2339273728362,814.6071122131348,1099.0306592488082,WIN,TIME EXIT
SBIN_NS_1h.csv,LONG,2025-04-28 11:15:00+05:30,2025-04-28 15:15:00+05:30,805.8220295665413,816.5915,1636.8479274278216,WIN,TIME EXIT
SBIN_NS_1h.csv,SHORT,2025-05-15 10:15:00+05:30,2025-05-15 13:15:00+05:30,799.0740982134741,804.6728134808968,-1191.8605779907382,LOSS,STOP LOSS
SBIN_NS_1h.csv,SHORT,2025-05-20 10:15:00+05:30,2025-05-20 15:15:00+05:30,794.5646907802983,787.0433494262695,1332.213963838638,WIN,TIME EXIT
SBIN_NS_1h.csv,SHORT,2025-06-04 10:15:00+05:30,2025-06-04 15:15:00+05:30,808.9798405411829,806.90325,377.45284586637774,WIN,TIME EXIT
SBIN_NS_1h.csv,SHORT,2025-06-06 10:15:00+05:30,2025-06-06 11:15:00+05:30,807.5397539634134,813.1977838753751,-1198.3854107379407,LOSS,STOP LOSS
SBIN_NS_1h.csv,LONG,2025-09-23 10:15:00+05:30,2025-09-23 15:15:00+05:30,859.4913177036598,869.06525,1471.074672855444,WIN,TIME EXIT
SBIN_NS_1h.csv,SHORT,2025-10-01 10:15:00+05:30,2025-10-01 15:15:00+05:30,870.1068066577461,864.5320255737304,1015.1018788415154,WIN,TIME EXIT
SBIN_NS_1h.csv,LONG,2025-10-03 10:15:00+05:30,2025-10-03 15:15:00+05:30,868.3828656670318,867.2661622009277,-258.56994307053503,LOSS,TIME EXIT
SBIN_NS_1h.csv,LONG,2025-10-31 10:15:00+05:30,2025-10-31 15:15:00+05:30,937.5519687948724,936.0817127990723,444.32098446840337,WIN,TIME EXIT
SBIN_NS_1h.csv,SHORT,2025-11-07 11:15:00+05:30,2025-11-07 12:15:00+05:30,954.2551845804005,960.9411766340437,-1214.2527270353323,LOSS,STOP LOSS
SBIN_NS_1h.csv,SHORT,2025-11-10 11:15:00+05:30,2025-11-10 15:15:00+05:30,954.1869663916019,951.0252627868651,502.8615393579083,WIN,TIME EXIT
SBIN_NS_1h.csv,LONG,2025-12-05 10:15:00+05:30,2025-12-05 15:15:00+05:30,953.0911398404727,971.0142500000001,2137.7560631420074,WIN,TIME EXIT
SBIN_NS_1h.csv,SHORT,2026-01-07 11:15:00+05:30,2026-01-07 15:15:00+05:30,1013.2423436913895,1007.4034744262693,1079.7719470981501,WIN,TIME EXIT
SBIN_NS_1h.csv,LONG,2026-01-09 10:15:00+05:30,2026-01-09 13:15:00+05:30,1003.4278492337797,996.4103733106526,-1237.2056510181787,LOSS,STOP LOSS
SBIN_NS_1h.csv,SHORT,2026-01-12 10:15:00+05:30,2026-01-12 12:15:00+05:30,1000.3022775612599,1007.3108987216015,-1228.7128646448275,LOSS,STOP LOSS
SBIN_NS_1h.csv,LONG,2026-01-20 10:15:00+05:30,2026-01-20 15:15:00+05:30,1039.795309340434,1033.6329494018555,-1036.3003227324725,LOSS,TIME EXIT
SBIN_NS_1h.csv,LONG,2026-01-27 10:15:00+05:30,2026-01-27 15:15:00+05:30,1039.0443169553105,1050.724375,1506.2133215749113,WIN,TIME EXIT
SBIN_NS_1h.csv,LONG,2026-02-04 11:15:00+05:30,2026-02-04 15:15:00+05:30,1066.8716430055795,1067.3660744018555,33.43631737330682,WIN,TIME EXIT
SBIN_NS_1h.csv,SHORT,2026-02-25 10:15:00+05:30,2026-02-25 15:15:00+05:30,1221.061922313311,1200.1997755737304,2020.3224118385472,WIN,TIME EXIT
SBIN_NS_1h.csv,SHORT,2026-03-17 10:15:00+05:30,2026-03-17 13:15:00+05:30,1055.4573134437865,1062.8523785423827,-1242.305098105682,LOSS,STOP LOSS
SBIN_NS_1h.csv,SHORT,2026-03-24 10:15:00+05:30,2026-03-24 12:15:00+05:30,1035.8945531016734,1043.1525516563215,-7.401990756255827,LOSS,SL_after_TP1
SUNPHARMA_NS_1h.csv,LONG,2025-04-08 10:15:00+05:30,2025-04-08 15:15:00+05:30,1679.2515036619775,1687.5058005981446,899.7413208521768,WIN,TIME EXIT
SUNPHARMA_NS_1h.csv,SHORT,2025-04-29 10:15:00+05:30,2025-04-29 15:15:00+05:30,1821.6625472692556,1801.1000511474608,1413.0829979807045,WIN,TIME EXIT
SUNPHARMA_NS_1h.csv,LONG,2025-05-02 10:15:00+05:30,2025-05-02 12:15:00+05:30,1828.338382323513,1815.5518919076037,-1143.5416123358084,LOSS,STOP LOSS
SUNPHARMA_NS_1h.csv,SHORT,2025-05-15 10:15:00+05:30,2025-05-15 12:15:00+05:30,1700.6408588251568,1712.5564045323629,-1128.2107251760656,LOSS,STOP LOSS
SUNPHARMA_NS_1h.csv,SHORT,2025-05-20 10:15:00+05:30,2025-05-20 15:15:00+05:30,1733.6512336676317,1708.6539488525389,1627.0032126792794,WIN,TIME EXIT
SUNPHARMA_NS_1h.csv,SHORT,2025-05-22 10:15:00+05:30,2025-05-22 15:15:00+05:30,1726.1026819590486,1725.5623011474609,562.50709491711,WIN,TIME EXIT
SUNPHARMA_NS_1h.csv,SHORT,2025-05-27 10:15:00+05:30,2025-05-27 11:15:00+05:30,1677.8756987120644,1689.6317402509142,-1137.2402569091134,LOSS,STOP LOSS
SUNPHARMA_NS_1h.csv,SHORT,2025-06-03 11:15:00+05:30,2025-06-03 15:15:00+05:30,1671.0026565097653,1668.33375,204.32942943942223,WIN,TIME EXIT
SUNPHARMA_NS_1h.csv,SHORT,2025-06-06 10:15:00+05:30,2025-06-06 15:15:00+05:30,1675.2381627133,1680.0395511474608,-485.5918269104327,LOSS,TIME EXIT
SUNPHARMA_NS_1h.csv,LONG,2025-07-02 10:15:00+05:30,2025-07-02 15:15:00+05:30,1671.7335700451515,1679.16,639.3694878460686,WIN,TIME EXIT
SUNPHARMA_NS_1h.csv,SHORT,2025-08-20 10:15:00+05:30,2025-08-20 15:15:00+05:30,1624.5633968908514,1635.9459056136393,-1136.6471075611073,LOSS,STOP LOSS
SUNPHARMA_NS_1h.csv,SHORT,2025-08-29 11:15:00+05:30,2025-08-29 13:15:00+05:30,1586.8208332683487,1597.9388985963908,-1122.327338649182,LOSS,STOP LOSS
SUNPHARMA_NS_1h.csv,LONG,2025-09-08 11:15:00+05:30,2025-09-08 14:15:00+05:30,1590.3443346117724,1579.2222563416292,-1111.509647348969,LOSS,STOP LOSS
SUNPHARMA_NS_1h.csv,LONG,2025-09-10 10:15:00+05:30,2025-09-10 15:15:00+05:30,1589.4446294389218,1595.202,497.44410804135384,WIN,TIME EXIT
SUNPHARMA_NS_1h.csv,SHORT,2025-09-22 11:15:00+05:30,2025-09-22 15:15:00+05:30,1648.0575259849309,1644.822,250.69089457871857,WIN,TIME EXIT
SUNPHARMA_NS_1h.csv,LONG,2025-10-03 10:15:00+05:30,2025-10-03 11:15:00+05:30,1622.9748680119508,1611.6245880004772,-1099.3230682341473,LOSS,STOP LOSS
SUNPHARMA_NS_1h.csv,LONG,2025-10-15 10:15:00+05:30,2025-10-15 15:15:00+05:30,1659.8648295077398,1654.2724255981445,-547.0384648211733,LOSS,TIME EXIT
SUNPHARMA_NS_1h.csv,LONG,2025-11-03 10:15:00+05:30,2025-11-03 15:15:00+05:30,1696.3423112847952,1705.5468244018555,917.7199657472416,WIN,TIME EXIT
SUNPHARMA_NS_1h.csv,SHORT,2025-11-06 10:15:00+05:30,2025-11-06 12:15:00+05:30,1686.9026594153102,1698.7219483836795,-1095.6963745200296,LOSS,STOP LOSS
SUNPHARMA_NS_1h.csv,SHORT,2025-12-03 11:15:00+05:30,2025-12-03 14:15:00+05:30,1795.91935232347,1808.502467105182,-1088.1511695013273,LOSS,STOP LOSS
SUNPHARMA_NS_1h.csv,SHORT,2025-12-15 11:15:00+05:30,2025-12-15 15:15:00+05:30,1793.2146035146068,1797.9985255737304,-435.9675058255611,LOSS,TIME EXIT
SUNPHARMA_NS_1h.csv,LONG,2026-01-05 11:15:00+05:30,2026-01-05 15:15:00+05:30,1733.4249742316895,1728.0355744018555,-496.3384604123015,LOSS,TIME EXIT
SUNPHARMA_NS_1h.csv,LONG,2026-01-07 11:15:00+05:30,2026-01-07 15:15:00+05:30,1762.904877309704,1781.7086755981447,1264.9267949064883,WIN,TIME EXIT
SUNPHARMA_NS_1h.csv,SHORT,2026-01-08 11:15:00+05:30,2026-01-08 15:15:00+05:30,1769.9087392355,1761.580301147461,647.6050821823637,WIN,TIME EXIT
SUNPHARMA_NS_1h.csv,LONG,2026-01-22 11:15:00+05:30,2026-01-22 13:15:00+05:30,1626.3914361595434,1615.0172623676312,-1078.7239793358965,LOSS,STOP LOSS
SUNPHARMA_NS_1h.csv,SHORT,2026-03-09 10:15:00+05:30,2026-03-09 12:15:00+05:30,1788.2650707868024,1800.7945558200388,-1071.1094015648134,LOSS,STOP LOSS
SUNPHARMA_NS_1h.csv,LONG,2026-03-10 11:15:00+05:30,2026-03-10 15:15:00+05:30,1807.0519829616894,1811.8936488037111,343.70948006412954,WIN,TIME EXIT
SUNPHARMA_NS_1h.csv,SHORT,2026-03-12 10:15:00+05:30,2026-03-12 15:15:00+05:30,1822.0694307225149,1826.212698852539,-375.11387579963514,LOSS,TIME EXIT
SUNPHARMA_NS_1h.csv,SHORT,2026-03-13 11:15:00+05:30,2026-03-13 15:15:00+05:30,1820.3010116184685,1802.5007755737302,1211.5167535585801,WIN,TIME EXIT
SUNPHARMA_NS_1h.csv,SHORT,2026-03-23 11:15:00+05:30,2026-03-23 15:15:00+05:30,1768.1255541308744,1759.2792244262694,868.4624715173811,WIN,TIME EXIT
SUNPHARMA_NS_1h.csv,SHORT,2026-03-24 10:15:00+05:30,2026-03-24 12:15:00+05:30,1763.4977218352008,1775.8536743574737,-1081.6293045870743,LOSS,STOP LOSS
SUNPHARMA_NS_1h.csv,LONG,2026-04-01 10:15:00+05:30,2026-04-01 11:15:00+05:30,1772.952440338253,1760.5532916875318,-1072.7824860901067,LOSS,STOP LOSS
TCS_NS_1h.csv,SHORT,2025-04-11 10:15:00+05:30,2025-04-11 15:15:00+05:30,3257.8119379548443,3239.6189999999997,952.9031169453854,WIN,TIME EXIT
TCS_NS_1h.csv,SHORT,2025-04-16 10:15:00+05:30,2025-04-16 12:15:00+05:30,3246.7686275883602,3269.5171225348345,-1113.0209451032676,LOSS,STOP LOSS
TCS_NS_1h.csv,LONG,2025-04-25 11:15:00+05:30,2025-04-25 15:15:00+05:30,3411.3209710727056,3446.2760000000003,1319.8477289076882,WIN,TIME EXIT
TCS_NS_1h.csv,LONG,2025-04-28 10:15:00+05:30,2025-04-28 15:15:00+05:30,3433.1338736498,3439.2795,232.68399632150084,WIN,TIME EXIT
TCS_NS_1h.csv,LONG,2025-04-30 11:15:00+05:30,2025-04-30 15:15:00+05:30,3470.90417700245,3446.6303973657828,-1111.8375974504643,LOSS,STOP LOSS
TCS_NS_1h.csv,LONG,2025-05-02 10:15:00+05:30,2025-05-02 11:15:00+05:30,3463.672673363399,3439.449467270922,-1109.6044624829897,LOSS,STOP LOSS
TCS_NS_1h.csv,LONG,2025-05-05 11:15:00+05:30,2025-05-05 15:15:00+05:30,3460.112453482747,3452.5728988037113,-375.5382360662469,LOSS,TIME EXIT
TCS_NS_1h.csv,LONG,2025-05-08 10:15:00+05:30,2025-05-08 15:15:00+05:30,3450.290160564499,3428.2850000000003,-1011.9981783379344,LOSS,TIME EXIT
TCS_NS_1h.csv,LONG,2025-05-14 10:15:00+05:30,2025-05-14 15:15:00+05:30,3542.531054711282,3548.2250000000004,195.42006587616308,WIN,TIME EXIT
TCS_NS_1h.csv,SHORT,2025-05-15 10:15:00+05:30,2025-05-15 12:15:00+05:30,3536.501937275895,3561.2804495987994,-1084.4368620340524,LOSS,STOP LOSS
TCS_NS_1h.csv,SHORT,2025-05-27 10:15:00+05:30,2025-05-27 15:15:00+05:30,3519.1302116160305,3502.7504999999996,852.1446071556823,WIN,TIME EXIT
TCS_NS_1h.csv,SHORT,2025-06-03 10:15:00+05:30,2025-06-03 15:15:00+05:30,3445.1466685934765,3413.1056022949215,1200.6319401208166,WIN,TIME EXIT
TCS_NS_1h.csv,SHORT,2025-07-01 10:15:00+05:30,2025-07-01 15:15:00+05:30,3447.5943006946327,3430.7144999999996,895.0093505498554,WIN,TIME EXIT
TCS_NS_1h.csv,LONG,2025-07-02 10:15:00+05:30,2025-07-02 14:15:00+05:30,3444.1660618790984,3420.079275337401,-1103.5806950375463,LOSS,STOP LOSS
TCS_NS_1h.csv,LONG,2025-08-12 10:15:00+05:30,2025-08-12 14:15:00+05:30,3048.4840795436394,3027.164496230729,-1088.367858840485,LOSS,STOP LOSS
TCS_NS_1h.csv,SHORT,2025-08-29 11:15:00+05:30,2025-08-29 15:15:00+05:30,3104.434300534784,3086.2423011474607,949.5935035706349,WIN,TIME EXIT
TCS_NS_1h.csv,SHORT,2025-12-11 11:15:00+05:30,2025-12-11 15:15:00+05:30,3185.042981798271,3193.495852294922,-441.037270969045,LOSS,TIME EXIT
TCS_NS_1h.csv,SHORT,2026-01-12 10:15:00+05:30,2026-01-12 12:15:00+05:30,3204.1513459589473,3226.6012427831097,-32.37054417811794,LOSS,SL_after_TP1
TCS_NS_1h.csv,SHORT,2026-01-19 11:15:00+05:30,2026-01-19 15:15:00+05:30,3188.762298433485,3165.181897705078,1069.5676317195464,WIN,TIME EXIT
TCS_NS_1h.csv,SHORT,2026-01-27 10:15:00+05:30,2026-01-27 15:15:00+05:30,3154.891355213771,3159.5789999999997,-268.7984445389777,LOSS,TIME EXIT
TCS_NS_1h.csv,SHORT,2026-02-09 10:15:00+05:30,2026-02-09 15:15:00+05:30,2950.5123147539884,2949.674051147461,-1.009390482307353,LOSS,TIME EXIT
TCS_NS_1h.csv,SHORT,2026-02-11 10:15:00+05:30,2026-02-11 15:15:00+05:30,2970.255174651544,2908.4534999999996,2117.79403364666,WIN,TIME EXIT
TCS_NS_1h.csv,LONG,2026-02-19 11:15:00+05:30,2026-02-19 14:15:00+05:30,2708.533298465298,2689.591162044147,-1123.5344434115048,LOSS,STOP LOSS
TCS_NS_1h.csv,SHORT,2026-02-23 11:15:00+05:30,2026-02-23 15:15:00+05:30,2681.9687923572446,2676.3374999999996,277.1698834254651,WIN,TIME EXIT
TCS_NS_1h.csv,LONG,2026-03-06 11:15:00+05:30,2026-03-06 13:15:00+05:30,2583.005176866228,2564.9409217712423,-1109.574338463762,LOSS,STOP LOSS
TCS_NS_1h.csv,SHORT,2026-03-09 11:15:00+05:30,2026-03-09 15:15:00+05:30,2553.0116820273524,2529.063948852539,1227.627429447934,WIN,TIME EXIT
TCS_NS_1h.csv,SHORT,2026-03-17 10:15:00+05:30,2026-03-17 15:15:00+05:30,2394.0943220767685,2390.794897705078,167.33788795187974,WIN,TIME EXIT
TCS_NS_1h.csv,SHORT,2026-03-20 10:15:00+05:30,2026-03-20 14:15:00+05:30,2381.9413492694807,2398.630429078319,-1111.9389164521838,LOSS,STOP LOSS
TCS_NS_1h.csv,LONG,2026-03-23 11:15:00+05:30,2026-03-23 15:15:00+05:30,2388.6435536883,2382.608148803711,-430.07808565177186,LOSS,TIME EXIT
TCS_NS_1h.csv,SHORT,2026-03-24 10:15:00+05:30,2026-03-24 11:15:00+05:30,2387.1324296721095,2403.857880802668,-1097.4894973874602,LOSS,STOP LOSS
TITAN_NS_1h.csv,SHORT,2025-04-22 10:15:00+05:30,2025-04-22 13:15:00+05:30,3325.8956131867617,3349.1985116151222,-1115.7849059929426,LOSS,STOP LOSS
TITAN_NS_1h.csv,SHORT,2025-04-25 10:15:00+05:30,2025-04-25 15:15:00+05:30,3361.1480383373805,3366.8825511474606,376.52732510787155,WIN,TIME EXIT
TITAN_NS_1h.csv,LONG,2025-04-28 11:15:00+05:30,2025-04-28 15:15:00+05:30,3372.887842396524,3370.613898803711,-146.11940231273397,LOSS,TIME EXIT
TITAN_NS_1h.csv,LONG,2025-05-05 10:15:00+05:30,2025-05-05 11:15:00+05:30,3359.6483183897985,3336.15260696174,-1101.060185945474,LOSS,STOP LOSS
TITAN_NS_1h.csv,LONG,2025-05-07 10:15:00+05:30,2025-05-07 15:15:00+05:30,3309.2537806100477,3340.329,1212.7848661519631,WIN,TIME EXIT
TITAN_NS_1h.csv,SHORT,2025-05-15 10:15:00+05:30,2025-05-15 12:15:00+05:30,3577.760006085451,3602.8275932016254,-1096.6216278521827,LOSS,STOP LOSS
TITAN_NS_1h.csv,LONG,2025-05-21 10:15:00+05:30,2025-05-21 11:15:00+05:30,3606.994586770336,3581.7690584108836,-1077.9179760224135,LOSS,STOP LOSS
TITAN_NS_1h.csv,LONG,2025-05-23 10:15:00+05:30,2025-05-23 15:15:00+05:30,3566.796722161723,3578.21,726.0840470864769,WIN,TIME EXIT
TITAN_NS_1h.csv,LONG,2025-05-26 10:15:00+05:30,2025-05-26 15:15:00+05:30,3591.123879056992,3612.293047607422,934.8158092113066,WIN,TIME EXIT
TITAN_NS_1h.csv,SHORT,2025-05-27 10:15:00+05:30,2025-05-27 11:15:00+05:30,3596.0584673811068,3621.2542627258485,-1102.025721455017,LOSS,STOP LOSS
TITAN_NS_1h.csv,SHORT,2025-06-03 10:15:00+05:30,2025-06-03 15:15:00+05:30,3524.706929426961,3522.7605,38.051137407362155,WIN,TIME EXIT
TITAN_NS_1h.csv,LONG,2025-06-05 10:15:00+05:30,2025-06-05 13:15:00+05:30,3510.03787145075,3485.4904101948378,-1074.653137679024,LOSS,STOP LOSS
TITAN_NS_1h.csv,LONG,2025-06-18 10:15:00+05:30,2025-06-18 15:15:00+05:30,3419.2620953993655,3466.0661488037113,1519.79937902341,WIN,TIME EXIT
TITAN_NS_1h.csv,SHORT,2025-07-23 10:15:00+05:30,2025-07-23 15:15:00+05:30,3460.9484878269436,3473.1356022949217,-567.7795428955237,LOSS,TIME EXIT
TITAN_NS_1h.csv,LONG,2025-08-04 11:15:00+05:30,2025-08-04 15:15:00+05:30,3334.7850926053584,3348.624898803711,820.8401771050967,WIN,TIME EXIT
TITAN_NS_1h.csv,LONG,2025-08-07 10:15:00+05:30,2025-08-07 12:15:00+05:30,3419.870547621287,3395.953671837473,-1096.078083526848,LOSS,STOP LOSS
TITAN_NS_1h.csv,SHORT,2025-08-11 10:15:00+05:30,2025-08-11 11:15:00+05:30,3444.8771883231584,3469.013731544596,-1081.600548283222,LOSS,STOP LOSS
TITAN_NS_1h.csv,SHORT,2025-08-26 10:15:00+05:30,2025-08-26 15:15:00+05:30,3637.1540893876627,3595.797,1326.1031561005377,WIN,TIME EXIT
TITAN_NS_1h.csv,LONG,2025-09-03 10:15:00+05:30,2025-09-03 15:15:00+05:30,3633.2052931767703,3683.1575000000003,1545.927076242534,WIN,TIME EXIT
TITAN_NS_1h.csv,SHORT,2025-09-17 10:15:00+05:30,2025-09-17 15:15:00+05:30,3536.4239219464057,3524.7614999999996,457.69502508296165,WIN,TIME EXIT
TITAN_NS_1h.csv,LONG,2025-09-29 10:15:00+05:30,2025-09-29 15:15:00+05:30,3366.7979447000434,3399.4993511962894,1260.238261927922,WIN,TIME EXIT
TITAN_NS_1h.csv,SHORT,2025-10-28 10:15:00+05:30,2025-10-28 15:15:00+05:30,3724.506196529292,3718.8585,631.3563614057302,WIN,TIME EXIT
TITAN_NS_1h.csv,SHORT,2025-11-06 10:15:00+05:30,2025-11-06 15:15:00+05:30,3789.9085635820293,3776.2871022949216,514.6092184915614,WIN,TIME EXIT
TITAN_NS_1h.csv,LONG,2025-11-27 10:15:00+05:30,2025-11-27 15:15:00+05:30,3903.2175234615725,3901.348398803711,-118.66633471326165,LOSS,TIME EXIT
TITAN_NS_1h.csv,SHORT,2025-12-11 11:15:00+05:30,2025-12-11 14:15:00+05:30,3830.186738532563,3857.0229543704254,-1117.3056564688607,LOSS,STOP LOSS
TITAN_NS_1h.csv,SHORT,2026-01-02 10:15:00+05:30,2026-01-02 15:15:00+05:30,4042.5987141544165,4052.325198852539,-413.456127467564,LOSS,TIME EXIT
TITAN_NS_1h.csv,LONG,2026-01-22 10:15:00+05:30,2026-01-22 11:15:00+05:30,4089.7154768454866,4061.114038373235,-1102.0097539588055,LOSS,STOP LOSS
TITAN_NS_1h.csv,SHORT,2026-01-23 10:15:00+05:30,2026-01-23 12:15:00+05:30,4036.735002545636,4065.018399466923,-1090.2458281071267,LOSS,STOP LOSS
TITAN_NS_1h.csv,SHORT,2026-01-28 11:15:00+05:30,2026-01-28 15:15:00+05:30,3991.49753990409,3974.9865,567.2316139388305,WIN,TIME EXIT
TITAN_NS_1h.csv,LONG,2026-01-30 11:15:00+05:30,2026-01-30 15:15:00+05:30,3942.641189146327,3976.810648803711,1164.0880701485785,WIN,TIME EXIT
TITAN_NS_1h.csv,SHORT,2026-02-06 11:15:00+05:30,2026-02-06 12:15:00+05:30,4094.588341557534,4123.277088086726,-1105.2976528865686,LOSS,STOP LOSS
TITAN_NS_1h.csv,SHORT,2026-03-05 10:15:00+05:30,2026-03-05 12:15:00+05:30,4205.23957755529,4234.703602329297,-1104.5161251063214,LOSS,STOP LOSS
TITAN_NS_1h.csv,LONG,2026-03-10 10:15:00+05:30,2026-03-10 15:15:00+05:30,4186.041001547116,4213.892,986.3254314773518,WIN,TIME EXIT
TITAN_NS_1h.csv,SHORT,2026-03-27 10:15:00+05:30,2026-03-27 15:15:00+05:30,4014.858405383357,3973.986,1271.6500325076797,WIN,TIME EXIT
ULTRACEMCO_NS_1h.csv,SHORT,2025-04-04 10:15:00+05:30,2025-04-04 15:15:00+05:30,11492.186969596416,11505.75,-220.05876399659172,LOSS,TIME EXIT
ULTRACEMCO_NS_1h.csv,LONG,2025-04-22 10:15:00+05:30,2025-04-22 15:15:00+05:30,11949.238257158246,11924.035,-346.01629639895,LOSS,TIME EXIT
ULTRACEMCO_NS_1h.csv,SHORT,2025-04-23 11:15:00+05:30,2025-04-23 15:15:00+05:30,11918.89047096553,11872.9335,507.92177153637897,WIN,TIME EXIT
ULTRACEMCO_NS_1h.csv,SHORT,2025-04-25 10:15:00+05:30,2025-04-25 12:15:00+05:30,12035.860548444272,12120.189844513061,-11.24928330434102,LOSS,SL_after_TP1
ULTRACEMCO_NS_1h.csv,LONG,2025-04-28 11:15:00+05:30,2025-04-28 14:15:00+05:30,12185.528872312836,12100.30933656114,-1066.2645218213172,LOSS,STOP LOSS
ULTRACEMCO_NS_1h.csv,SHORT,2025-05-06 10:15:00+05:30,2025-05-06 14:15:00+05:30,11643.930179720972,11725.51341438689,-95.36442333172579,LOSS,SL_after_TP1
ULTRACEMCO_NS_1h.csv,LONG,2025-05-08 10:15:00+05:30,2025-05-08 15:15:00+05:30,11653.04123724784,11571.545655501692,-1103.2033150379707,LOSS,STOP LOSS
ULTRACEMCO_NS_1h.csv,SHORT,2025-05-29 11:15:00+05:30,2025-05-29 15:15:00+05:30,11302.03476911831,11274.6345,312.539242325536,WIN,TIME EXIT
ULTRACEMCO_NS_1h.csv,SHORT,2025-06-03 10:15:00+05:30,2025-06-03 15:15:00+05:30,11135.000765089755,11040.5175,1112.8420970040606,WIN,TIME EXIT
ULTRACEMCO_NS_1h.csv,LONG,2025-06-05 11:15:00+05:30,2025-06-05 15:15:00+05:30,11074.945583433282,11162.416000000001,1093.4876301673469,WIN,TIME EXIT
ULTRACEMCO_NS_1h.csv,LONG,2025-06-18 10:15:00+05:30,2025-06-18 15:15:00+05:30,11404.99906160682,11400.297,-104.83189741366364,LOSS,TIME EXIT
ULTRACEMCO_NS_1h.csv,LONG,2025-06-19 11:15:00+05:30,2025-06-19 15:15:00+05:30,11430.189989323831,11350.252918503946,-1082.870752857029,LOSS,STOP LOSS
ULTRACEMCO_NS_1h.csv,LONG,2025-07-11 10:15:00+05:30,2025-07-11 14:15:00+05:30,12563.39096805732,12475.528852511596,-1098.0880452044416,LOSS,STOP LOSS
ULTRACEMCO_NS_1h.csv,LONG,2025-07-14 10:15:00+05:30,2025-07-14 13:15:00+05:30,12540.475235220192,12452.773380926505,-1096.158083538529,LOSS,STOP LOSS
ULTRACEMCO_NS_1h.csv,SHORT,2025-07-23 10:15:00+05:30,2025-07-23 15:15:00+05:30,12444.965082268223,12378.186,691.1659038004601,WIN,TIME EXIT
ULTRACEMCO_NS_1h.csv,SHORT,2025-08-19 10:15:00+05:30,2025-08-19 12:15:00+05:30,12669.207125148932,12757.973966066807,-1019.9436929372936,LOSS,STOP LOSS
ULTRACEMCO_NS_1h.csv,SHORT,2025-08-28 11:15:00+05:30,2025-08-28 15:15:00+05:30,12610.721649304935,12527.260499999999,922.2891804298839,WIN,TIME EXIT
ULTRACEMCO_NS_1h.csv,LONG,2025-10-07 11:15:00+05:30,2025-10-07 15:15:00+05:30,12098.639896535817,12177.908000000001,972.070628410949,WIN,TIME EXIT
ULTRACEMCO_NS_1h.csv,LONG,2025-12-15 11:15:00+05:30,2025-12-15 15:15:00+05:30,11667.926996736662,11722.136,606.9913983600641,WIN,TIME EXIT
ULTRACEMCO_NS_1h.csv,LONG,2026-01-14 10:15:00+05:30,2026-01-14 15:15:00+05:30,12067.798539402864,12248.872500000001,1581.420976688323,WIN,TIME EXIT
ULTRACEMCO_NS_1h.csv,LONG,2026-01-20 10:15:00+05:30,2026-01-20 12:15:00+05:30,12326.973399708457,12240.764671194955,-1078.176971563384,LOSS,STOP LOSS
ULTRACEMCO_NS_1h.csv,SHORT,2026-02-03 10:15:00+05:30,2026-02-03 15:15:00+05:30,12681.700063626024,12591.2925,1041.1133757622888,WIN,TIME EXIT
ULTRACEMCO_NS_1h.csv,SHORT,2026-02-25 10:15:00+05:30,2026-02-25 14:15:00+05:30,12941.225572765909,13031.898311821515,-1040.9839016474184,LOSS,STOP LOSS
ULTRACEMCO_NS_1h.csv,SHORT,2026-04-01 11:15:00+05:30,2026-04-01 15:15:00+05:30,10835.01978514493,10719.357,1333.2887793783884,WIN,TIME EXIT
WIPRO_NS_1h.csv,LONG,2025-04-21 10:15:00+05:30,2025-04-21 15:15:00+05:30,238.90092452480627,238.3307719497681,-411.0153837529786,LOSS,TIME EXIT
WIPRO_NS_1h.csv,LONG,2025-04-30 10:15:00+05:30,2025-04-30 12:15:00+05:30,241.81977018654,240.12860283821897,-1114.3089666271362,LOSS,STOP LOSS
WIPRO_NS_1h.csv,LONG,2025-05-02 11:15:00+05:30,2025-05-02 15:15:00+05:30,242.2718262031826,242.74856011962893,254.16575152709024,WIN,TIME EXIT
WIPRO_NS_1h.csv,LONG,2025-05-05 11:15:00+05:30,2025-05-05 15:15:00+05:30,243.2207088294822,243.17835305023195,-70.22358855973562,LOSS,TIME EXIT
WIPRO_NS_1h.csv,SHORT,2025-05-15 10:15:00+05:30,2025-05-15 12:15:00+05:30,251.92300706329036,253.68810643143865,-1106.407825627069,LOSS,STOP LOSS
WIPRO_NS_1h.csv,SHORT,2025-05-20 10:15:00+05:30,2025-05-20 15:15:00+05:30,252.32789092768746,250.31509744262695,1114.250934349115,WIN,TIME EXIT
WIPRO_NS_1h.csv,LONG,2025-05-23 11:15:00+05:30,2025-05-23 15:15:00+05:30,248.40537406701205,247.47620610046386,-611.50182660913,LOSS,TIME EXIT
WIPRO_NS_1h.csv,SHORT,2025-05-27 11:15:00+05:30,2025-05-27 15:15:00+05:30,249.28376407617318,248.6542637786865,336.46350029890027,WIN,TIME EXIT
WIPRO_NS_1h.csv,LONG,2025-06-04 11:15:00+05:30,2025-06-04 15:15:00+05:30,247.1332985499005,246.92647805023194,-170.35212091133127,LOSS,TIME EXIT
WIPRO_NS_1h.csv,LONG,2025-06-13 10:15:00+05:30,2025-06-13 15:15:00+05:30,259.62336918510005,260.42971755981443,754.6102427901421,WIN,TIME EXIT
WIPRO_NS_1h.csv,SHORT,2025-06-16 10:15:00+05:30,2025-06-16 11:15:00+05:30,260.0992298625182,261.9216159622953,-1109.9264720030387,LOSS,STOP LOSS
WIPRO_NS_1h.csv,LONG,2025-06-18 10:15:00+05:30,2025-06-18 11:15:00+05:30,263.2698212556131,261.4286429054627,-1096.8924458795852,LOSS,STOP LOSS
WIPRO_NS_1h.csv,SHORT,2025-06-20 10:15:00+05:30,2025-06-20 11:15:00+05:30,264.1573805006588,266.0082000460776,-1085.7554694864336,LOSS,STOP LOSS
WIPRO_NS_1h.csv,LONG,2025-07-01 10:15:00+05:30,2025-07-01 13:15:00+05:30,265.63898193405873,263.7812348510077,-1072.8452541129614,LOSS,STOP LOSS
WIPRO_NS_1h.csv,LONG,2025-07-02 10:15:00+05:30,2025-07-02 15:15:00+05:30,265.51213815606775,266.616625,561.606142712373,WIN,TIME EXIT
WIPRO_NS_1h.csv,LONG,2025-07-04 10:15:00+05:30,2025-07-04 15:15:00+05:30,268.2990980430354,269.36525,538.4421328401578,WIN,TIME EXIT
WIPRO_NS_1h.csv,SHORT,2025-07-15 10:15:00+05:30,2025-07-15 11:15:00+05:30,255.68800499714135,257.4794838355555,-1073.8015996682889,LOSS,STOP LOSS
WIPRO_NS_1h.csv,LONG,2025-08-18 11:15:00+05:30,2025-08-18 15:15:00+05:30,246.11175093992833,245.08740171051028,-649.0115609463403,LOSS,TIME EXIT
WIPRO_NS_1h.csv,SHORT,2025-08-22 11:15:00+05:30,2025-08-22 15:15:00+05:30,249.55578410090922,248.86437549591065,356.7232704588695,WIN,TIME EXIT
WIPRO_NS_1h.csv,SHORT,2025-09-08 10:15:00+05:30,2025-09-08 15:15:00+05:30,244.16368271891128,242.92140305328368,694.3067385474485,WIN,TIME EXIT
WIPRO_NS_1h.csv,SHORT,2025-09-11 10:15:00+05:30,2025-09-11 15:15:00+05:30,253.47099094879772,254.27706889343264,-507.96248590178027,LOSS,TIME EXIT
WIPRO_NS_1h.csv,LONG,2025-09-29 11:15:00+05:30,2025-09-29 15:15:00+05:30,238.629767142549,239.52017938995363,767.6525971061667,WIN,TIME EXIT
WIPRO_NS_1h.csv,SHORT,2025-10-03 10:15:00+05:30,2025-10-03 15:15:00+05:30,239.9073012469574,241.1004857254028,-771.5193142590082,LOSS,TIME EXIT
WIPRO_NS_1h.csv,LONG,2025-10-15 11:15:00+05:30,2025-10-15 15:15:00+05:30,248.6969031742666,250.124875,791.7054417571687,WIN,TIME EXIT
WIPRO_NS_1h.csv,SHORT,2025-11-21 10:15:00+05:30,2025-11-21 12:15:00+05:30,245.55038490016597,247.27083447040692,-1069.0722792972203,LOSS,STOP LOSS
WIPRO_NS_1h.csv,SHORT,2025-12-02 10:15:00+05:30,2025-12-02 15:15:00+05:30,249.69501453771994,250.72530610656733,-641.2046268700308,LOSS,TIME EXIT
WIPRO_NS_1h.csv,LONG,2026-01-06 10:15:00+05:30,2026-01-06 15:15:00+05:30,265.01851986610376,264.81753720092775,-152.72848525807797,LOSS,TIME EXIT
WIPRO_NS_1h.csv,LONG,2026-01-28 10:15:00+05:30,2026-01-28 15:15:00+05:30,235.9204063203705,237.48120610046385,906.9114147139777,WIN,TIME EXIT
WIPRO_NS_1h.csv,SHORT,2026-02-09 10:15:00+05:30,2026-02-09 15:15:00+05:30,230.98659411586783,230.21505610656735,440.91149345983166,WIN,TIME EXIT
WIPRO_NS_1h.csv,LONG,2026-02-10 10:15:00+05:30,2026-02-10 15:15:00+05:30,230.95756682664756,231.36425572967528,212.97092667635184,WIN,TIME EXIT
WIPRO_NS_1h.csv,SHORT,2026-03-24 10:15:00+05:30,2026-03-24 11:15:00+05:30,188.57052564182214,189.89174564289232,-1066.2986861065042,LOSS,STOP LOSS
WIPRO_NS_1h.csv,LONG,2026-03-25 11:15:00+05:30,2026-03-25 15:15:00+05:30,189.702951466821,188.95547805023193,-613.1743452977203,LOSS,TIME EXIT
WIPRO_NS_1h.csv,LONG,2026-03-27 10:15:00+05:30,2026-03-27 15:15:00+05:30,189.84042085618668,191.50420610046385,1118.7605591406434,WIN,TIME EXIT
WIPRO_NS_1h.csv,SHORT,2026-04-02 10:15:00+05:30,2026-04-02 12:15:00+05:30,190.63549646453342,191.97118469038745,-1060.11099166365,LOSS,STOP LOSS
